"N","replicate","parameter","estimate","posterior_sd","lower","median","upper","rhat","ess","censor_before_first","n12","n13","n23","converged"
500,1,"lambda012",0.0780937366359406,0.00623880416276685,0.0664570988611307,0.0778506881955416,0.0908044172156904,1.00045433143116,7389.54642185625,0.416,173,119,62,TRUE
500,1,"lambda013",0.0492625874157528,0.00505203516475816,0.0398665902149387,0.0490847364013524,0.0595019512363385,1.00039317726427,5988.37310278869,0.416,173,119,62,TRUE
500,1,"lambda023",0.0863526038518503,0.0108311065284164,0.0665942580549265,0.0858936302450316,0.109038774886719,1.00006035097898,9587.15761270911,0.416,173,119,62,TRUE
500,1,"gamma12",-0.372685776680253,0.0780517110701255,-0.526339569645789,-0.372333534351225,-0.219965508621735,1.00034488408309,7298.70342565318,0.416,173,119,62,TRUE
500,1,"gamma13",0.551541332312257,0.0948006063799574,0.368713806830801,0.549997302426231,0.739657801386816,1.00062359408322,5588.92158375456,0.416,173,119,62,TRUE
500,1,"gamma23",0.545378411098848,0.141404340600539,0.269092835182606,0.547241696294183,0.822053501480357,1.00006006448528,9776.32412253693,0.416,173,119,62,TRUE
500,2,"lambda012",0.081741060391779,0.00626130821775738,0.0694577902260121,0.0816444692358498,0.0943607504317291,1.00027318227528,6389.25254768285,0.386,203,104,96,TRUE
500,2,"lambda013",0.0376085378731093,0.00444171583783512,0.0294286315156278,0.0374098407187326,0.0467121165439163,1.0004103088883,4514.71206387894,0.386,203,104,96,TRUE
500,2,"lambda023",0.107729329474934,0.0114385083131659,0.0863970866371757,0.107262742043974,0.131463325544527,1.00020114168928,7457.47177782459,0.386,203,104,96,TRUE
500,2,"gamma12",-0.47260201926355,0.0771300846524526,-0.623468010721032,-0.472669540397692,-0.323297647704986,1.00007496212795,5941.20964032095,0.386,203,104,96,TRUE
500,2,"gamma13",0.828128245464174,0.10724779081419,0.621093368316322,0.827605267360629,1.04041160674094,0.999999876250097,4608.1477322341,0.386,203,104,96,TRUE
500,2,"gamma23",0.253605122297428,0.111015773123931,0.0357572726274338,0.253701628006859,0.470334535127977,1.00005603232796,8009.93038883998,0.386,203,104,96,TRUE
500,3,"lambda012",0.0852969194867173,0.0066281961302079,0.0727384198166916,0.0852069466797474,0.0986147101908418,1.00016652055211,6815.04312311647,0.368,191,125,85,TRUE
500,3,"lambda013",0.0478611348490919,0.00526511344906608,0.0382181725517673,0.0476333006648568,0.0589082750393344,1.00039846842862,4180.65853791823,0.368,191,125,85,TRUE
500,3,"lambda023",0.106443125021678,0.0118796032840608,0.0846961735675024,0.106045642982621,0.131402159680481,1.00021737464302,7732.17425643121,0.368,191,125,85,TRUE
500,3,"gamma12",-0.602275866098131,0.0795152178393708,-0.758966701129604,-0.602707338521032,-0.44708214763883,1.00027340170501,7187.53590589848,0.368,191,125,85,TRUE
500,3,"gamma13",0.769967946523231,0.113984154858736,0.546195739704316,0.770761901591185,0.994369420249564,1.00037433599438,4028.70747379071,0.368,191,125,85,TRUE
500,3,"gamma23",0.307299990327056,0.12197220346066,0.0689057518639534,0.306687097102979,0.551936342492682,1.000217842821,7854.30777675926,0.368,191,125,85,TRUE
500,4,"lambda012",0.0851012232028314,0.0064688679742248,0.0728055651241003,0.0849581580081892,0.0982296267917586,1.00027487510227,7079.07904573673,0.348,204,122,78,TRUE
500,4,"lambda013",0.0461115760160804,0.00485827807257671,0.0369987053242597,0.0459454175098539,0.0560911265474949,0.999970153071547,5044.64884213987,0.348,204,122,78,TRUE
500,4,"lambda023",0.092659895130357,0.0103170032542249,0.073818860085252,0.092264393600858,0.113920720484333,1.00020941984732,9507.24457013034,0.348,204,122,78,TRUE
500,4,"gamma12",-0.397880758639441,0.0706153964241671,-0.535460392608084,-0.397957387955256,-0.257879600756681,1.00008118203278,6942.73740452584,0.348,204,122,78,TRUE
500,4,"gamma13",0.692418512886865,0.0959051917903201,0.508943907650284,0.691650112703502,0.880083449315818,1.00084954607296,5117.67062180111,0.348,204,122,78,TRUE
500,4,"gamma23",0.501889445688361,0.126431340488138,0.257005041133549,0.500325192586915,0.754536008231337,1.0004527693739,8918.05034020566,0.348,204,122,78,TRUE
500,5,"lambda012",0.0712098868600542,0.00588334219775661,0.0601398089443952,0.0711005578375928,0.0831710848252603,1.00099080732495,6395.70346283784,0.412,179,115,66,TRUE
500,5,"lambda013",0.0433149467046067,0.00471104686759618,0.0347109924643237,0.0430897340404625,0.0530049674940024,0.999969042707532,5355.29395061536,0.412,179,115,66,TRUE
500,5,"lambda023",0.100950772071788,0.0124883708865507,0.0778082030840797,0.100389327747263,0.126826612954086,1.0006044890851,8281.60516473795,0.412,179,115,66,TRUE
500,5,"gamma12",-0.560967106739121,0.079866065989715,-0.715499480069165,-0.559720268972416,-0.407228202573116,1.00005519709792,6346.52808598977,0.412,179,115,66,TRUE
500,5,"gamma13",0.616847893824183,0.103226237613279,0.415661900250798,0.615568389564355,0.81745800175666,1.00034565781599,5537.55951699683,0.412,179,115,66,TRUE
500,5,"gamma23",0.531737356165631,0.136719886417795,0.264745151154767,0.531796820021674,0.80117038658735,1.00012104530032,8651.51910248899,0.412,179,115,66,TRUE
500,6,"lambda012",0.0827332821030081,0.00661496350320524,0.070393403829482,0.0825074207318115,0.0964278966694862,1.00126674430847,6061.32226586735,0.362,195,124,92,TRUE
500,6,"lambda013",0.0459571927170685,0.0051965255797749,0.0363963522531891,0.0457424530264564,0.0566496081498411,1.00037979380358,4320.63089421407,0.362,195,124,92,TRUE
500,6,"lambda023",0.1273335659867,0.0135272952347891,0.102468271153842,0.126791703995519,0.155539034103605,1.0002336834441,8093.19693508754,0.362,195,124,92,TRUE
500,6,"gamma12",-0.535417181532068,0.0758523275248669,-0.682148960104779,-0.5365426896718,-0.385149014974772,1.00115095148822,5920.55812791716,0.362,195,124,92,TRUE
500,6,"gamma13",0.939858892312753,0.106511868733396,0.732864779815394,0.940130382729298,1.14848883008759,0.999991689603464,4211.59401998168,0.362,195,124,92,TRUE
500,6,"gamma23",0.575764063992184,0.132331604051498,0.319378764894673,0.57463875168946,0.836941301938236,1.00039347182114,7996.92349955338,0.362,195,124,92,TRUE
500,7,"lambda012",0.0800023123624121,0.00634610850419087,0.0678501731414612,0.0799072031620042,0.0927741546092479,1.00024723996331,6111.34986924035,0.402,193,106,75,TRUE
500,7,"lambda013",0.0402773634880637,0.00468845513428492,0.0315654155176311,0.0400881724667985,0.0498905236563814,1.00031303765639,5072.42809196543,0.402,193,106,75,TRUE
500,7,"lambda023",0.0950394303073731,0.0111363710601752,0.0743450989608357,0.0946651945641976,0.118138373994186,1.00018238871205,8490.06760642984,0.402,193,106,75,TRUE
500,7,"gamma12",-0.504818542303784,0.0773710876772897,-0.656439379615523,-0.504529430526937,-0.353977165212333,1.00095653778233,6704.03461478725,0.402,193,106,75,TRUE
500,7,"gamma13",0.815176588646542,0.111622585706752,0.596829408556765,0.815998705461726,1.0361277990317,1.00015471523121,4794.97028837371,0.402,193,106,75,TRUE
500,7,"gamma23",0.446875213914491,0.12142795398514,0.209124574953907,0.446812611043518,0.688457153245384,1.00019784927157,8188.65696703873,0.402,193,106,75,TRUE
500,8,"lambda012",0.0724949362852946,0.00586282878966571,0.0615977909947688,0.0723431572019874,0.0844599470096225,1.00006642387114,6503.13988195243,0.406,179,118,83,TRUE
500,8,"lambda013",0.0459680765744483,0.00481170665001111,0.0368215454331333,0.045848309790886,0.0557519845456637,1.00010330211965,5765.42205353303,0.406,179,118,83,TRUE
500,8,"lambda023",0.130105960820216,0.0143599069035804,0.103660513106487,0.129580941327206,0.159944143942954,1.00020966445179,8855.23503448205,0.406,179,118,83,TRUE
500,8,"gamma12",-0.554806996547671,0.0853624683972712,-0.722671793456737,-0.556249330728036,-0.390646255201662,1.00067113315029,6422.59214237107,0.406,179,118,83,TRUE
500,8,"gamma13",0.634485024475703,0.105850718309109,0.425091736460845,0.634505819539793,0.844471639544835,1.00035484487522,6020.96167267241,0.406,179,118,83,TRUE
500,8,"gamma23",0.6791193497594,0.132713446411234,0.42039295378269,0.678269483139551,0.942312374121761,1.00045011877693,8228.03896528874,0.406,179,118,83,TRUE
500,9,"lambda012",0.0780332838002119,0.0060870445754319,0.0665533272635092,0.0779105985521563,0.0904639407747413,1.00030386235426,6991.67014957206,0.376,190,122,97,TRUE
500,9,"lambda013",0.0437937422455648,0.00470957601628343,0.0350191623828964,0.0436315822133938,0.0533782168644357,1.00078284502641,4499.16790956219,0.376,190,122,97,TRUE
500,9,"lambda023",0.134457761665622,0.0135935189639476,0.1095101589315,0.133879123756499,0.162325861466089,1.00006546664922,8550.29332064364,0.376,190,122,97,TRUE
500,9,"gamma12",-0.530516215725519,0.0755818224808408,-0.67953811719399,-0.530628845370854,-0.383656325971183,1.0000354981286,7243.69215507702,0.376,190,122,97,TRUE
500,9,"gamma13",0.704271780817536,0.0967274066919581,0.513285489656758,0.703993596604132,0.896177035543067,1.00053119167207,4739.3082460206,0.376,190,122,97,TRUE
500,9,"gamma23",0.434959033836855,0.104417815104389,0.230930378140914,0.434460190254764,0.640346342668862,0.999932323815983,8743.42759394103,0.376,190,122,97,TRUE
500,10,"lambda012",0.0653687860211799,0.00540391617336772,0.0551989006765806,0.065261586665335,0.0763900771243704,1.00062472026693,6711.69565821543,0.456,163,109,68,TRUE
500,10,"lambda013",0.0398388607307361,0.00438393373355203,0.0316771353078898,0.0396971887526998,0.0487905808536337,1.00037423332588,5244.73728863743,0.456,163,109,68,TRUE
500,10,"lambda023",0.108082222387724,0.0127212778522018,0.0846131153217769,0.107452284297038,0.134486778714123,1.00037606680234,8974.62696441494,0.456,163,109,68,TRUE
500,10,"gamma12",-0.493700939647471,0.0831091321767755,-0.657715032131772,-0.493802364944842,-0.331000189131338,1.00111729350832,7027.03279887935,0.456,163,109,68,TRUE
500,10,"gamma13",0.646817677209355,0.108685556911893,0.433336650397363,0.646779260596474,0.860042535841624,1.00037774136172,5127.56165669305,0.456,163,109,68,TRUE
500,10,"gamma23",0.603167859363446,0.124391538302984,0.36404513386148,0.603626639507598,0.850202093349704,1.0002599045903,9354.37971329472,0.456,163,109,68,TRUE
500,11,"lambda012",0.0834269926238785,0.0064509022044732,0.0711759838142902,0.0833097381686277,0.0963576128519412,1.00032398493129,6803.22606767854,0.352,192,132,86,TRUE
500,11,"lambda013",0.0453020474822714,0.00498276244891689,0.0360596169313888,0.0451232497033728,0.0557089128752702,1.00056606940145,4477.42575363042,0.352,192,132,86,TRUE
500,11,"lambda023",0.110128945825049,0.0115506239651455,0.0885170929866174,0.109729703427254,0.133566196087385,1.00021832176184,9006.31490856007,0.352,192,132,86,TRUE
500,11,"gamma12",-0.559217584593397,0.079536177534649,-0.714502405074877,-0.558584303237208,-0.403206842230925,1.00049919801595,7024.08223869185,0.352,192,132,86,TRUE
500,11,"gamma13",0.755900485211644,0.0887335343177446,0.581685916925764,0.756246469612575,0.927990141675538,1.00131170660738,4115.46378614212,0.352,192,132,86,TRUE
500,11,"gamma23",0.491255669010012,0.103446885488793,0.289762410713622,0.491280736038233,0.695153228267434,1.00006267817559,9542.06207772269,0.352,192,132,86,TRUE
500,12,"lambda012",0.0759699756300514,0.00612371486844392,0.0643856847498524,0.075837822862801,0.0883799947533866,1.00046025146891,6173.63964820452,0.38,192,118,77,TRUE
500,12,"lambda013",0.0438500808869605,0.00479590385394822,0.03488409236018,0.0436496608632323,0.0536798229330178,1.00084981229107,5155.10407540704,0.38,192,118,77,TRUE
500,12,"lambda023",0.112326837081379,0.0129799090880021,0.088298964940333,0.111858154204804,0.138987838494058,1.00036223520009,7913.58354369917,0.38,192,118,77,TRUE
500,12,"gamma12",-0.645675824319325,0.0784342239737653,-0.800326165325082,-0.645156138800103,-0.490740702208805,1.00001435482533,6043.78546487928,0.38,192,118,77,TRUE
500,12,"gamma13",0.747984660867781,0.0988854677031444,0.559413114603782,0.747012622746763,0.945416161221118,1.00070263244066,5041.89932516657,0.38,192,118,77,TRUE
500,12,"gamma23",0.577194070269573,0.12858519844791,0.32600344670369,0.577619804488287,0.832799979942615,1.00006980603725,8526.9455531829,0.38,192,118,77,TRUE
500,13,"lambda012",0.0748968656741062,0.00585829684183061,0.0638028734235509,0.0748426174796074,0.0867032061945252,1.00037368415855,7935.83549719652,0.436,180,102,78,TRUE
500,13,"lambda013",0.0385369622701443,0.00438213165478889,0.0303778616713077,0.0384125245443848,0.0475515645377036,0.999977217082405,5176.59033729489,0.436,180,102,78,TRUE
500,13,"lambda023",0.113586593804214,0.0125833378943608,0.0906668327361464,0.113064134429891,0.139612203275788,1.00030517988668,9133.31366722855,0.436,180,102,78,TRUE
500,13,"gamma12",-0.460059308199487,0.077216775137114,-0.60970023562129,-0.460527514397142,-0.305351943293612,1.00061807929674,7120.68911689452,0.436,180,102,78,TRUE
500,13,"gamma13",0.66547179131581,0.11596207472852,0.437291643031482,0.665534568423361,0.894838069341678,1.00068518482366,5325.30782244765,0.436,180,102,78,TRUE
500,13,"gamma23",0.427552791281635,0.120526086231957,0.190952565169062,0.427473271467472,0.662846641504377,1.00026174791355,8665.43470827171,0.436,180,102,78,TRUE
500,14,"lambda012",0.0765416705007983,0.00610342357798606,0.0651784571955693,0.0763265405718922,0.0891891813649546,1.00013866255788,7081.35404389487,0.37,186,129,81,TRUE
500,14,"lambda013",0.0448574044114488,0.00487503810115181,0.035690215187407,0.0446926361678588,0.0548551366540546,1.00068524883734,4445.02419841443,0.37,186,129,81,TRUE
500,14,"lambda023",0.125418761091681,0.0139614405864048,0.0995499839733275,0.124961031744062,0.154352140606114,1.00038555133495,9026.06303014253,0.37,186,129,81,TRUE
500,14,"gamma12",-0.489415053196664,0.0807621151624482,-0.649930879664709,-0.488906915513647,-0.332323512767109,1.00017499021886,6630.94283482311,0.37,186,129,81,TRUE
500,14,"gamma13",0.768301847855626,0.0928409206137188,0.583818547077088,0.768532666920598,0.948228001145496,1.00027395483328,4134.29622098514,0.37,186,129,81,TRUE
500,14,"gamma23",0.634748673385723,0.131082769278647,0.373630747639525,0.634798367644314,0.88454612271278,1.0002286677231,8642.42258641551,0.37,186,129,81,TRUE
500,15,"lambda012",0.0812015913720161,0.00617652765127238,0.0695850717964391,0.0810451303371478,0.0937713676735625,1.00046959179223,7512.96448923258,0.402,195,104,91,TRUE
500,15,"lambda013",0.0329051309097969,0.00416589439816921,0.0253949786120157,0.032702272864,0.0416603263637436,1.0010787047459,3668.52011238533,0.402,195,104,91,TRUE
500,15,"lambda023",0.127019188595164,0.0133188250833069,0.102303086924183,0.126507520372256,0.154591659218022,1.00003754913137,8547.9170031737,0.402,195,104,91,TRUE
500,15,"gamma12",-0.44804534482292,0.0772872984272064,-0.602324524671122,-0.447590339288825,-0.298803309947039,1.000075338553,6617.42321464681,0.402,195,104,91,TRUE
500,15,"gamma13",0.942614621920987,0.10558841297246,0.730360364748725,0.943689286054578,1.14599435853466,1.00123394003498,3477.43146642166,0.402,195,104,91,TRUE
500,15,"gamma23",0.500414843864363,0.130985607484509,0.248363648168095,0.49923859137084,0.759164530004188,1.00002061456318,8144.94620277663,0.402,195,104,91,TRUE
500,16,"lambda012",0.0868297751179661,0.00654864207237428,0.0744513481857774,0.0866882293032035,0.100059582945397,0.99999890186082,7872.6084964702,0.39,189,116,71,TRUE
500,16,"lambda013",0.0453152408065646,0.00501162958618385,0.0360380198074756,0.0451545143389989,0.0556087601213304,1.0000801522866,5026.77507219333,0.39,189,116,71,TRUE
500,16,"lambda023",0.0941945806244563,0.0109711710402104,0.0737504879147128,0.0938537320682674,0.116815490207451,1.00016453754214,9102.80505470128,0.39,189,116,71,TRUE
500,16,"gamma12",-0.487881099072001,0.0757904977026033,-0.633947237079532,-0.488716853119288,-0.337740712844105,1.00070789906677,7553.1631636557,0.39,189,116,71,TRUE
500,16,"gamma13",0.646184366333124,0.108975008363482,0.432455691981019,0.645663842571729,0.8572704694793,1.00020512893452,4915.87148362806,0.39,189,116,71,TRUE
500,16,"gamma23",0.582075019460508,0.114862582734892,0.35437587715362,0.582384053249316,0.80832611350906,1.00011584917394,9575.68278657665,0.39,189,116,71,TRUE
500,17,"lambda012",0.0808883524395114,0.00619705762738958,0.0693352182837734,0.0807528795009412,0.0935513628266233,1.00005769253836,7441.18281110965,0.414,190,103,71,TRUE
500,17,"lambda013",0.0352430497037279,0.00430383448079068,0.0272922969591558,0.0350296556281957,0.0441915230195733,1.00142412844079,4145.15353741527,0.414,190,103,71,TRUE
500,17,"lambda023",0.0989589052037656,0.0116675203488338,0.0777295472038049,0.0983716443679666,0.123092230973987,1.0004692343072,8715.9392336419,0.414,190,103,71,TRUE
500,17,"gamma12",-0.502814374810064,0.0826979233222346,-0.663463726136024,-0.50277184926474,-0.339517158547422,1.00009443959001,7590.85997312867,0.414,190,103,71,TRUE
500,17,"gamma13",0.899348161167943,0.118771997092399,0.662221332044556,0.900020056125318,1.13317741748596,1.00268611376941,4036.16334084934,0.414,190,103,71,TRUE
500,17,"gamma23",0.496704092831385,0.141431878099707,0.221301483174313,0.495605751522116,0.777179564757333,1.00061398106765,8810.96947426547,0.414,190,103,71,TRUE
500,18,"lambda012",0.067447628542375,0.00576687852051298,0.0565620282010403,0.0673427663543697,0.079074190464985,1.00179583605856,5003.18338236251,0.384,187,121,71,TRUE
500,18,"lambda013",0.0454337107927908,0.00467315340049635,0.0368156729498919,0.0452580104646628,0.0550437706859658,1.00010940991398,5599.39763013528,0.384,187,121,71,TRUE
500,18,"lambda023",0.0972284237304639,0.0117488508334832,0.0755471568778593,0.0968181512604242,0.1212376510967,1.00026316341134,7579.37027932738,0.384,187,121,71,TRUE
500,18,"gamma12",-0.602143701624284,0.0796444025968774,-0.755239343232814,-0.602726864119651,-0.448021730890144,1.00148012411738,5246.84423677627,0.384,187,121,71,TRUE
500,18,"gamma13",0.766966490646607,0.101005978246389,0.567922974452202,0.767732265323646,0.964674752192687,1.00018916915157,5569.1832912326,0.384,187,121,71,TRUE
500,18,"gamma23",0.354225752973032,0.11786265066509,0.121713029520445,0.354584114706231,0.582217580308971,1.00015482839658,8647.10847070529,0.384,187,121,71,TRUE
500,19,"lambda012",0.0644917474196322,0.00561512294540007,0.0541774971464359,0.064352943973018,0.0759946489084591,1.00014792438701,5627.94654484842,0.408,175,121,82,TRUE
500,19,"lambda013",0.047010227787107,0.00491191556112236,0.037920799091748,0.0468911046491726,0.0571031526351111,1.00034422838005,5511.67181419596,0.408,175,121,82,TRUE
500,19,"lambda023",0.123629237510818,0.0150404959892381,0.0955274012958206,0.122962384740207,0.154567813288115,1.00091284719111,6624.89401491107,0.408,175,121,82,TRUE
500,19,"gamma12",-0.735894682083001,0.0813143427378981,-0.890080232226146,-0.737080593626006,-0.57426422958581,1.00007793233026,5852.0235903934,0.408,175,121,82,TRUE
500,19,"gamma13",0.756881894761575,0.10971156870981,0.545689022890224,0.755368627844492,0.97724192557387,1.00017358844411,5458.71204496566,0.408,175,121,82,TRUE
500,19,"gamma23",0.305471404011346,0.119907525705122,0.074222302876653,0.305179924015166,0.54417890906256,1.00057027440604,6795.10131472659,0.408,175,121,82,TRUE
500,20,"lambda012",0.0775261669248984,0.00616893842463501,0.0659729376323865,0.077317986023951,0.0901599470454472,1.0000222789571,7011.7645717139,0.374,184,129,77,TRUE
500,20,"lambda013",0.045626395576402,0.00490903557414227,0.0365587182002068,0.0455154022901489,0.0557972766909769,0.999964695671335,4491.12605167765,0.374,184,129,77,TRUE
500,20,"lambda023",0.124553453246312,0.0141685930681155,0.098258218351743,0.123942986431635,0.153761474340995,1.00027658575297,8778.98038942335,0.374,184,129,77,TRUE
500,20,"gamma12",-0.513956128372529,0.0782912506335042,-0.665490631915045,-0.51456272114925,-0.35930945939152,1.0000294737706,7073.90716726481,0.374,184,129,77,TRUE
500,20,"gamma13",0.681767228186525,0.0872647802460299,0.510503479370563,0.681865280699965,0.852082351423815,1.00039308894099,4330.80473972277,0.374,184,129,77,TRUE
500,20,"gamma23",0.63868148990319,0.127149496766799,0.386614824482174,0.637421397133135,0.891587679503074,1.00006902613198,8886.90412886949,0.374,184,129,77,TRUE
500,21,"lambda012",0.0847286335565157,0.00660189777143818,0.0722169035846399,0.0846475085560147,0.0980133782052266,1.00004515915695,6913.45927710036,0.374,196,117,85,TRUE
500,21,"lambda013",0.0454706445326635,0.0050062211638882,0.0361500182233393,0.0453340618843669,0.055769391258162,1.00256071133473,4744.80362933255,0.374,196,117,85,TRUE
500,21,"lambda023",0.109671116710982,0.0121104194560486,0.0870345821970757,0.109253744701171,0.135116418342386,1.00038041066457,8076.50423466589,0.374,196,117,85,TRUE
500,21,"gamma12",-0.574744465071616,0.0718810418174216,-0.713037089427006,-0.575031494698396,-0.431876971197387,1.00044371075687,7077.82283934793,0.374,196,117,85,TRUE
500,21,"gamma13",0.640772028345687,0.104882144925331,0.430108360024478,0.64147924502677,0.847559447326236,1.00140512787226,4693.03143415855,0.374,196,117,85,TRUE
500,21,"gamma23",0.488302642435081,0.119841389471163,0.255260694099722,0.48713765146296,0.72987193286959,1.00040776066542,7544.8738398296,0.374,196,117,85,TRUE
500,22,"lambda012",0.076389659786904,0.00604729799707437,0.0650554074721699,0.07622974534723,0.0888594989429482,1.00081624376087,7325.75208226227,0.418,181,110,72,TRUE
500,22,"lambda013",0.0368942259965612,0.00440295961590685,0.0287036477617441,0.0366917518579701,0.0461468294493475,1.00088337657861,4260.58741125194,0.418,181,110,72,TRUE
500,22,"lambda023",0.098754924580171,0.0115163846272243,0.0774140639911006,0.0982437294863781,0.122369807369209,1.00074672015505,9103.05329286765,0.418,181,110,72,TRUE
500,22,"gamma12",-0.516088419360846,0.0765701536585046,-0.663126340666656,-0.516654067703741,-0.366209118080585,1.00004688029923,7593.22128916754,0.418,181,110,72,TRUE
500,22,"gamma13",0.763666748385836,0.0967893229233038,0.570447412453826,0.764323477199201,0.954335506350888,1.00018149321651,4128.33049060086,0.418,181,110,72,TRUE
500,22,"gamma23",0.561890578629763,0.146522290042317,0.279029268834695,0.562184101301124,0.852276328539585,1.00008202019974,9163.03421338332,0.418,181,110,72,TRUE
500,23,"lambda012",0.0736819030859608,0.00618100415174184,0.0621622150379135,0.0735416893705206,0.0862136302742117,1.00089163469739,6216.47388383866,0.412,177,117,77,TRUE
500,23,"lambda013",0.0445648069925475,0.00488146482813865,0.0355188810119894,0.0443911965819039,0.0547092898860477,1.00051545154737,5119.80721641236,0.412,177,117,77,TRUE
500,23,"lambda023",0.106399118270445,0.0123578606623975,0.0836738587622421,0.105997969991378,0.132004008875186,1.00014061873547,8267.85668361773,0.412,177,117,77,TRUE
500,23,"gamma12",-0.495796678152492,0.0808464892334509,-0.657523725573246,-0.494152765597381,-0.340335097634129,1.00000148422359,6095.20315203743,0.412,177,117,77,TRUE
500,23,"gamma13",0.701403365241931,0.0943302437132034,0.516388452690591,0.701719351907948,0.887297334345207,1.00061431502212,4849.22770032304,0.412,177,117,77,TRUE
500,23,"gamma23",0.32704481040867,0.121090971068753,0.0931692785048491,0.327216842353688,0.567245864774934,1.00050239146122,7636.89980355959,0.412,177,117,77,TRUE
500,24,"lambda012",0.0769913502985196,0.00625991620718952,0.0652424941587052,0.0768571974619882,0.0897396942166349,1.00039159013121,6454.2977302902,0.404,191,107,72,TRUE
500,24,"lambda013",0.0384635962217936,0.00454781206384892,0.0300606880569483,0.0383027328615631,0.047779309912881,1.00029087141919,4602.22717769983,0.404,191,107,72,TRUE
500,24,"lambda023",0.0929202659743743,0.0111128976800689,0.0727797875574705,0.0924769298629785,0.116168006944341,1.00084102816123,8500.53076950556,0.404,191,107,72,TRUE
500,24,"gamma12",-0.474015084688235,0.078645337670663,-0.629406752396081,-0.473664092584644,-0.322163806759132,1.000381808361,6339.5691691978,0.404,191,107,72,TRUE
500,24,"gamma13",0.796046755344958,0.106607225975517,0.589762661689115,0.794892110546116,1.00851456484943,1.00028434432945,4607.66716872957,0.404,191,107,72,TRUE
500,24,"gamma23",0.505374436461107,0.133849484611069,0.243191107300618,0.505646341174113,0.77058985446141,1.00090283196888,8583.8174837473,0.404,191,107,72,TRUE
500,25,"lambda012",0.0782130107215375,0.00645420272400556,0.0661213880351715,0.0780490719087096,0.0912886301918004,1.00010453816146,5346.21188335415,0.408,197,99,81,TRUE
500,25,"lambda013",0.0396921295750641,0.00461212525704986,0.0311996494238226,0.0395592490724721,0.0491730230687739,1.00007091859329,5323.32914703055,0.408,197,99,81,TRUE
500,25,"lambda023",0.103209162823814,0.0120364495756645,0.080684981994124,0.102652650423144,0.127964523386686,1.00031248636982,6977.25935526182,0.408,197,99,81,TRUE
500,25,"gamma12",-0.617794150816776,0.0762451138552807,-0.76668375504513,-0.617953414568641,-0.469912984682529,0.999916064593891,5019.84698199688,0.408,197,99,81,TRUE
500,25,"gamma13",0.781023830933004,0.120804840426738,0.5437967272719,0.78151706981355,1.02250764488242,0.999995932622841,5228.38261170938,0.408,197,99,81,TRUE
500,25,"gamma23",0.538992415251273,0.140787083673492,0.266935856861669,0.53851177556377,0.816370722354872,1.00064893207956,6614.25793208368,0.408,197,99,81,TRUE
500,26,"lambda012",0.0819612344177169,0.00653428134458014,0.0697088891742898,0.0817627584208346,0.0953432633622433,1.00008234321192,6372.23693938918,0.388,192,114,69,TRUE
500,26,"lambda013",0.0429255390494554,0.00487578625707757,0.0339562180880848,0.0427425948049092,0.0531930078520916,1.00017784404831,4559.91165152681,0.388,192,114,69,TRUE
500,26,"lambda023",0.0861299511651659,0.0104179345115083,0.066999475641055,0.0857124502086796,0.108003900517725,0.999945630492397,8639.14141471459,0.388,192,114,69,TRUE
500,26,"gamma12",-0.566473886371208,0.0769589926850074,-0.717392757153808,-0.566051879779993,-0.416243077866971,1.00016776308435,6250.83752927292,0.388,192,114,69,TRUE
500,26,"gamma13",0.777587199781127,0.106772453267284,0.57084773193533,0.775776484528996,0.990788139974471,1.00057206301335,4448.70325777264,0.388,192,114,69,TRUE
500,26,"gamma23",0.351922649582327,0.122619183418387,0.112927785067394,0.351158927988806,0.593318072998499,1.0000795646814,9243.60837319241,0.388,192,114,69,TRUE
500,27,"lambda012",0.0711479979484495,0.00578531212831725,0.0602939278911957,0.0710255432957873,0.0829707135913111,1.00074466046305,7037.79762141335,0.404,175,123,68,TRUE
500,27,"lambda013",0.0449726053394685,0.00471378366435545,0.0361888244774567,0.0448409531084929,0.0546416682927581,1.0002492759161,5054.6821061809,0.404,175,123,68,TRUE
500,27,"lambda023",0.0984688426267578,0.0115850692306849,0.0770390367897005,0.097966844115445,0.122442622759711,1.00043913498308,9227.92078291577,0.404,175,123,68,TRUE
500,27,"gamma12",-0.389071884053698,0.0779755569357373,-0.539887693530122,-0.390845429685357,-0.235735592399032,1.00001046592436,7425.88082668505,0.404,175,123,68,TRUE
500,27,"gamma13",0.787822085392311,0.103010760775274,0.585622889155101,0.787472608441737,0.990997858547701,1.0003999720275,5081.69974430744,0.404,175,123,68,TRUE
500,27,"gamma23",0.609795428092496,0.152847326393638,0.318856116013584,0.608277914669204,0.918138902894528,1.00007390240214,8897.83362605415,0.404,175,123,68,TRUE
500,28,"lambda012",0.0804219720888053,0.00641897678092266,0.0684507679102464,0.0802840044757878,0.0935502278807031,1.00039187705244,6772.02875326953,0.39,188,117,75,TRUE
500,28,"lambda013",0.0427490953000444,0.00486379894109338,0.0336378423137159,0.0426363989458678,0.0526357888399794,1.00019168056518,4250.58554455716,0.39,188,117,75,TRUE
500,28,"lambda023",0.0995502915710135,0.0117191157361622,0.0774623896397641,0.0991512724104983,0.123573078711847,1.00051211520408,7707.40324937347,0.39,188,117,75,TRUE
500,28,"gamma12",-0.407525646882498,0.0825894290346755,-0.569445974859991,-0.407215345342359,-0.246645862046018,1.00000553463915,6494.47268134136,0.39,188,117,75,TRUE
500,28,"gamma13",0.905668830841266,0.101851770958841,0.706635848609168,0.905143676534772,1.10635219138915,1.00032807960916,4312.21776602477,0.39,188,117,75,TRUE
500,28,"gamma23",0.367695563718825,0.136253295547181,0.105634116961524,0.367160949106609,0.640145353285929,1.0003610284599,8167.58379092094,0.39,188,117,75,TRUE
500,29,"lambda012",0.0840412694616717,0.00633234305797423,0.0720760066453921,0.0838812433259981,0.0968590790645871,1.00013305949395,7509.66352120387,0.38,191,119,89,TRUE
500,29,"lambda013",0.0431656087986411,0.00475172217434197,0.034317284723864,0.0430551866938978,0.0529801571240281,1.00026935236416,4976.63133901639,0.38,191,119,89,TRUE
500,29,"lambda023",0.114976753047223,0.0121310326783755,0.0924497732032137,0.114497275141672,0.139951315381474,1.0002049158634,9233.55649165719,0.38,191,119,89,TRUE
500,29,"gamma12",-0.348001883144229,0.0771263830352285,-0.500986372998982,-0.347147192864422,-0.197246909113335,1.00014011763061,7960.16192561451,0.38,191,119,89,TRUE
500,29,"gamma13",0.764284295885638,0.0960808273921418,0.578515260974866,0.763673905672464,0.951721848160549,1.00104554801213,4671.10236868266,0.38,191,119,89,TRUE
500,29,"gamma23",0.440000243719678,0.115174348185095,0.215140122188327,0.440193269397184,0.662861854773181,1.0004315712503,9054.08196659362,0.38,191,119,89,TRUE
500,30,"lambda012",0.0826040834662766,0.00651505137495853,0.0702825099016806,0.0824137295500526,0.0959296190907019,1.00103664263121,6987.76724008454,0.39,185,120,86,TRUE
500,30,"lambda013",0.0479331958626598,0.00523561446507271,0.038220615892073,0.0477246719463262,0.0588626966398523,1.00107359914884,4955.3779465549,0.39,185,120,86,TRUE
500,30,"lambda023",0.115046221874786,0.0123288923670804,0.0922933675986387,0.114677937390547,0.140045872519588,1.00007639094366,9179.86806079331,0.39,185,120,86,TRUE
500,30,"gamma12",-0.45958171517084,0.076116766348075,-0.610830421113187,-0.459527734942976,-0.308980818037352,1.00072312345804,6538.00097893917,0.39,185,120,86,TRUE
500,30,"gamma13",0.710375579958427,0.101913257786126,0.506561372869951,0.711256202118631,0.907264816503097,1.00072417186558,5059.88161150794,0.39,185,120,86,TRUE
500,30,"gamma23",0.406136966553625,0.106096788043438,0.201084782533724,0.405690569933044,0.61545578678957,1.00008972007975,9156.76936875277,0.39,185,120,86,TRUE
500,31,"lambda012",0.0690572548615707,0.00561611551856492,0.0585496560204147,0.0688449898558756,0.0805953673713662,1.00022156282474,6297.15011665637,0.394,185,118,77,TRUE
500,31,"lambda013",0.0400965474925091,0.00440677038758547,0.0318638211788733,0.0399430254785143,0.0492425238889319,1.00069040053758,4598.73501524323,0.394,185,118,77,TRUE
500,31,"lambda023",0.111859213765569,0.013266612832194,0.0878535869649563,0.111382664367006,0.139604601495559,1.00029081683893,7478.1696084136,0.394,185,118,77,TRUE
500,31,"gamma12",-0.543963619481997,0.0807350909819908,-0.700759540293125,-0.544530871356862,-0.385949420097028,1.00007296440491,6045.71233439842,0.394,185,118,77,TRUE
500,31,"gamma13",0.83197632689802,0.104781016502093,0.630364139764502,0.831847651192722,1.03823517316487,1.00024204496565,4717.74293227854,0.394,185,118,77,TRUE
500,31,"gamma23",0.24831578795186,0.112738398669201,0.0290929291901915,0.248064931722948,0.473823736433322,1.00030289354943,8027.62271755761,0.394,185,118,77,TRUE
500,32,"lambda012",0.0654564238765781,0.00553845103737369,0.0551467537139259,0.0652652215079606,0.0767429969663085,1.0009958245205,6146.93710503479,0.42,172,118,76,TRUE
500,32,"lambda013",0.0382125168079117,0.0043392812562135,0.0302349187681649,0.03799793042929,0.0472119210878539,1.00016267529275,4337.66127720051,0.42,172,118,76,TRUE
500,32,"lambda023",0.110557578214377,0.0127415803773821,0.0875502718411587,0.109916851376667,0.137043662337309,1.00027827793205,8652.67925879165,0.42,172,118,76,TRUE
500,32,"gamma12",-0.691109179907584,0.0806803094233798,-0.847521524250702,-0.691179532484329,-0.534494395203388,1.00078050308274,6215.21883542762,0.42,172,118,76,TRUE
500,32,"gamma13",0.778258501623343,0.0949715625111062,0.592759972200185,0.779087443284688,0.963688741541017,1.00044526721465,4356.12700784965,0.42,172,118,76,TRUE
500,32,"gamma23",0.593932583915379,0.124634353531935,0.350090721597678,0.593210692404109,0.841068550969297,1.00031955081778,8687.60953491509,0.42,172,118,76,TRUE
500,33,"lambda012",0.088133501570991,0.00683877625552527,0.0751417131981087,0.0879435263726799,0.102015029928479,1.00000813429747,6407.60790852984,0.378,198,113,82,TRUE
500,33,"lambda013",0.0428824222034912,0.00502173157528815,0.0334953637490484,0.0427301344152991,0.0532920979800405,1.00000733194105,4439.63106601469,0.378,198,113,82,TRUE
500,33,"lambda023",0.118736477288249,0.0133661264279687,0.0939445774842762,0.118291989826042,0.1459523367627,1.00023637801976,8891.17830545873,0.378,198,113,82,TRUE
500,33,"gamma12",-0.482852254644329,0.0741622627594393,-0.627143353694437,-0.48317358214614,-0.336344992853757,1.00025658540216,6551.98129425197,0.378,198,113,82,TRUE
500,33,"gamma13",0.824251554381318,0.105918277024903,0.620698349253351,0.822517266473606,1.03731828216804,1.00007644823863,4513.88340494619,0.378,198,113,82,TRUE
500,33,"gamma23",0.556508456899453,0.132611323144118,0.301179702594248,0.556018957447904,0.821440080210756,1.00042696737167,8058.70697179227,0.378,198,113,82,TRUE
500,34,"lambda012",0.0795915994034831,0.00632379338638291,0.0676568466029184,0.0794707804955107,0.0923107638752826,1.00021113845152,7136.7935803122,0.394,185,118,95,TRUE
500,34,"lambda013",0.0436500534387385,0.00478088258947825,0.0346150036982989,0.0434843963123264,0.0533388024627576,1.00006100656039,5213.3675915136,0.394,185,118,95,TRUE
500,34,"lambda023",0.131346514203743,0.0133831606771772,0.105988427516148,0.13087291824898,0.158586063988387,1.00054965340074,8902.19100233167,0.394,185,118,95,TRUE
500,34,"gamma12",-0.514124150709134,0.0819617555032954,-0.674673812278539,-0.513787212682121,-0.35394682116534,1.00019886872835,7053.86292698842,0.394,185,118,95,TRUE
500,34,"gamma13",0.777014227336096,0.105955793665547,0.569080279950188,0.776942141124936,0.982780580959047,1.00039739752914,4996.21889891576,0.394,185,118,95,TRUE
500,34,"gamma23",0.640831218773858,0.122880181451845,0.398345603088201,0.640668340942495,0.882225937055263,1.00059604267559,9935.38040883928,0.394,185,118,95,TRUE
500,35,"lambda012",0.0800666369668325,0.00614806388270511,0.068452682688504,0.0799061433874302,0.0926043772702973,1.00035981369672,7429.5611625729,0.392,187,117,76,TRUE
500,35,"lambda013",0.0392453865572711,0.00457120399638374,0.0309532617270266,0.0390199328627086,0.0487468537434021,1.00019617423759,4216.55336637133,0.392,187,117,76,TRUE
500,35,"lambda023",0.100436314357605,0.0113691691669765,0.0797178419810622,0.0999418179006873,0.1243155828776,1.00038370014812,9182.0803854565,0.392,187,117,76,TRUE
500,35,"gamma12",-0.455337059464092,0.0750102579675887,-0.601281818868339,-0.455046346804173,-0.309015122515947,1.00039763574799,7819.03208712874,0.392,187,117,76,TRUE
500,35,"gamma13",0.80587469866271,0.100347781740167,0.605195157270244,0.805788140357101,1.00233234586558,1.00023589148314,4160.04195132115,0.392,187,117,76,TRUE
500,35,"gamma23",0.457143983547162,0.118352726003064,0.230549806970518,0.457062751839902,0.687098131970372,1.00026076213705,9525.68415153492,0.392,187,117,76,TRUE
500,36,"lambda012",0.0805691412086215,0.00624251759428158,0.06884381882572,0.080430754103505,0.093118368003578,1.00083631556907,6305.39172789135,0.384,200,108,96,TRUE
500,36,"lambda013",0.0360634052749941,0.00434960558309825,0.027962951590648,0.0359062201026074,0.0449467525000613,1.00044133903475,4214.06737103042,0.384,200,108,96,TRUE
500,36,"lambda023",0.111564873559117,0.0120098144705209,0.0892444369412268,0.111054685511714,0.136153009261498,1.00029104664446,7104.50952925839,0.384,200,108,96,TRUE
500,36,"gamma12",-0.545340439328892,0.0770389944315331,-0.694095224383161,-0.546463580305704,-0.392715123776817,1.00044045189871,5873.86054211112,0.384,200,108,96,TRUE
500,36,"gamma13",0.927574301531092,0.107039193202737,0.71771412376726,0.927717181948496,1.13542623754308,1.00026804688681,4031.75748487032,0.384,200,108,96,TRUE
500,36,"gamma23",0.365183495275946,0.110041009717318,0.149640346774204,0.364831124007628,0.580919068736054,1.00035264029023,7248.15134781164,0.384,200,108,96,TRUE
500,37,"lambda012",0.0664742393425079,0.00570773825913375,0.0556892518776975,0.0663264769608091,0.0779028663039067,1.00024259867797,6329.83163591775,0.428,162,124,64,TRUE
500,37,"lambda013",0.04247978973809,0.0048098250679459,0.0336220107908029,0.0423105283886155,0.0524327974494413,1.0006513014818,4257.77613891044,0.428,162,124,64,TRUE
500,37,"lambda023",0.100328739741351,0.0127346528656606,0.0770472819766324,0.0997639959243417,0.127012813992622,0.99993704175224,8004.10806739613,0.428,162,124,64,TRUE
500,37,"gamma12",-0.51614040124129,0.0857361302642122,-0.683211124380427,-0.515740829505412,-0.350688270948984,1.00028533647575,6427.93423913027,0.428,162,124,64,TRUE
500,37,"gamma13",0.89190206753058,0.0992245791790486,0.694534741118628,0.891213151288966,1.08777019686728,1.00073652273535,4107.08043692577,0.428,162,124,64,TRUE
500,37,"gamma23",0.424246447618426,0.151783245136208,0.126347091144875,0.425948891757563,0.719230505513125,1.00034220354355,7481.85474291669,0.428,162,124,64,TRUE
500,38,"lambda012",0.077127339764613,0.00610665206791994,0.0655852981841132,0.0769524225298218,0.0896487666809788,1.00011750579648,7507.9148368804,0.408,174,122,79,TRUE
500,38,"lambda013",0.0411564181714722,0.00462141585443418,0.0325498144602488,0.0410319184135679,0.0505239059572675,1.00011288224205,4182.40961418374,0.408,174,122,79,TRUE
500,38,"lambda023",0.109552921757819,0.0121845471790995,0.087015815792855,0.109210722822443,0.134715138392596,1.0000581525034,8858.35722440084,0.408,174,122,79,TRUE
500,38,"gamma12",-0.540887923278899,0.0844445542236908,-0.705459294405653,-0.541231110554108,-0.37646389644553,0.99998813080651,7741.94367655031,0.408,174,122,79,TRUE
500,38,"gamma13",0.812608585943964,0.0929625753975484,0.62745124569068,0.813433515756169,0.991503604707829,0.999944824857065,4145.50525557587,0.408,174,122,79,TRUE
500,38,"gamma23",0.424211430117581,0.128018974229007,0.179316793108426,0.422154560221977,0.681441425967484,1.00010340958286,9106.47503112486,0.408,174,122,79,TRUE
500,39,"lambda012",0.0671780009984157,0.00538076688050922,0.0570617215487367,0.0669897912629354,0.077996138610883,1.00038194483432,8295.07002601805,0.412,168,126,77,TRUE
500,39,"lambda013",0.0394153986044748,0.00442727521605787,0.0311821746528524,0.0392412468605076,0.0486030208506376,1.0005112424028,4246.62628871856,0.412,168,126,77,TRUE
500,39,"lambda023",0.134920856850707,0.015075089936859,0.106818770154819,0.134451506748899,0.165690771783639,1.00001388618309,9099.37302693452,0.412,168,126,77,TRUE
500,39,"gamma12",-0.406695381874385,0.0834150022556011,-0.571937668460597,-0.406622102486741,-0.242403229573727,0.999935611714852,7906.45664531035,0.412,168,126,77,TRUE
500,39,"gamma13",0.851372291394148,0.104234811781408,0.64771638906584,0.851958457038762,1.05293505520739,1.00076645706405,4232.62831248678,0.412,168,126,77,TRUE
500,39,"gamma23",0.510082464164345,0.1225390710772,0.273845310828418,0.510085323526809,0.750563272140149,1.00010166232177,8884.67507379224,0.412,168,126,77,TRUE
500,40,"lambda012",0.0734447349895948,0.00588919361160561,0.0622654540445873,0.0732503696180662,0.0853538053439535,1.00011780158431,7145.95932442777,0.384,181,127,66,TRUE
500,40,"lambda013",0.0433425034757724,0.00472335433427323,0.0343706810362964,0.0432317798530109,0.0528403760025934,1.00021746977787,4587.08174752776,0.384,181,127,66,TRUE
500,40,"lambda023",0.0921529853902497,0.011233502506945,0.0715145066005827,0.0916024952588617,0.11577227241253,1.00016173936094,8994.22268928042,0.384,181,127,66,TRUE
500,40,"gamma12",-0.414810233561349,0.0754367422383107,-0.563579125941452,-0.415301276186677,-0.266468060418293,1.00040247644655,7314.34729248437,0.384,181,127,66,TRUE
500,40,"gamma13",0.741857410760216,0.0923997571902998,0.56145014401622,0.741298760071278,0.926115607915899,1.00016302953872,4496.04703573796,0.384,181,127,66,TRUE
500,40,"gamma23",0.463607487224633,0.128658870895075,0.214259950924491,0.463467081581763,0.717818737527002,1.0003711778002,8960.23887769282,0.384,181,127,66,TRUE
500,41,"lambda012",0.0914948710169846,0.00706411034194369,0.0780539623834558,0.0913339289286917,0.105635066014277,1.00002192454981,6608.54821213087,0.348,201,125,75,TRUE
500,41,"lambda013",0.0466216088162331,0.00534653694965187,0.0368249933417183,0.0464193440408245,0.0577088726550742,1.00068395845786,3973.79211867328,0.348,201,125,75,TRUE
500,41,"lambda023",0.0855354906828524,0.00979119858375049,0.0675167160691789,0.0852025453026423,0.105797133905681,1.00093426064611,9149.60780072787,0.348,201,125,75,TRUE
500,41,"gamma12",-0.407421246855154,0.0717494910236318,-0.549561529652937,-0.407486112989603,-0.267310476122345,1.00003301375263,6939.74952245023,0.348,201,125,75,TRUE
500,41,"gamma13",0.908188235410052,0.0995209952483297,0.715729182130705,0.908391215578343,1.10734153124686,1.00066157686589,3947.2853395399,0.348,201,125,75,TRUE
500,41,"gamma23",0.397512407449174,0.10839909845225,0.18559674559028,0.396513356276461,0.612671353691163,1.00020732362997,9334.58785923865,0.348,201,125,75,TRUE
500,42,"lambda012",0.0764110382605587,0.00601987670494395,0.0650430094444424,0.0763419344088909,0.088681799449067,1.00116569011227,7324.36134381915,0.428,182,104,89,TRUE
500,42,"lambda013",0.0383433626230226,0.00439971130927708,0.030243997913295,0.0381411504396848,0.0476113137333774,1.00013282461952,4794.5188480843,0.428,182,104,89,TRUE
500,42,"lambda023",0.121289845181017,0.01288147639474,0.0972370700732883,0.120837331776617,0.147738638513101,0.999947910524044,8585.90747770042,0.428,182,104,89,TRUE
500,42,"gamma12",-0.361913582991259,0.0798552642743895,-0.515179676944233,-0.363259607454739,-0.204015593884174,1.00116010264183,6844.5698411598,0.428,182,104,89,TRUE
500,42,"gamma13",0.77414983222126,0.101709602878075,0.574177855167197,0.774690206465502,0.971674879574692,1.00048412643751,5196.2700808021,0.428,182,104,89,TRUE
500,42,"gamma23",0.273301196700315,0.112621408834185,0.0556934390167366,0.271355251556025,0.497431104004128,1.00013751420752,8157.43982366967,0.428,182,104,89,TRUE
500,43,"lambda012",0.0704941939305519,0.00569296686058492,0.0596725426884161,0.0703013699793297,0.0821296063465757,1.00005897232439,6369.05069554702,0.408,187,109,70,TRUE
500,43,"lambda013",0.039513338631523,0.00430113718052198,0.0316461222124078,0.0393248392910096,0.0483752014235509,1.00018835133222,5621.67459939075,0.408,187,109,70,TRUE
500,43,"lambda023",0.102661076081212,0.0121431217080365,0.0804668728779268,0.102113235653977,0.128375348146357,0.999989757817045,8863.83679900902,0.408,187,109,70,TRUE
500,43,"gamma12",-0.528851541695242,0.0845288553545338,-0.695979963700772,-0.528732257710172,-0.361504767019311,1.0006491378403,6440.89744612058,0.408,187,109,70,TRUE
500,43,"gamma13",0.757455312151873,0.110461166058241,0.539698225908312,0.758035822661845,0.971551552517685,0.999961790432761,5584.44889533375,0.408,187,109,70,TRUE
500,43,"gamma23",0.616673764246117,0.135125911536777,0.351462251667798,0.616794350359482,0.883048728377887,1.00033670204611,9078.11314621462,0.408,187,109,70,TRUE
500,44,"lambda012",0.0766018449386362,0.00616951485091181,0.0648614422707247,0.0764946132635617,0.0889523587725639,1.0003556979913,6895.12414697193,0.362,183,136,86,TRUE
500,44,"lambda013",0.0492111323576393,0.00509700422002773,0.0398366392932551,0.0490241276488833,0.0598613336906261,1.00009137723963,4770.14216118489,0.362,183,136,86,TRUE
500,44,"lambda023",0.116284169272645,0.0125785278644355,0.0928392009053747,0.115827251245986,0.14218621347281,1.00019707213807,8583.41550749543,0.362,183,136,86,TRUE
500,44,"gamma12",-0.576182892591995,0.0766360744613156,-0.72539568942805,-0.576351756722668,-0.424615794231318,0.999920596209268,6770.84218025809,0.362,183,136,86,TRUE
500,44,"gamma13",0.702879766130536,0.0949474666600272,0.514910514942047,0.703317712485533,0.889525727624964,1.00004931230383,5045.3480244097,0.362,183,136,86,TRUE
500,44,"gamma23",0.46747207648095,0.10871798534674,0.249003492452072,0.46808656177221,0.682918327797064,1.00033559285885,8324.30511052594,0.362,183,136,86,TRUE
500,45,"lambda012",0.0721040803758689,0.00581814672529322,0.0611857757682724,0.0718565938646011,0.0839365388107839,1.00098763110626,7247.68383406215,0.406,172,125,77,TRUE
500,45,"lambda013",0.0483144890054727,0.00486935298290787,0.039294643726485,0.048154126705601,0.058308689305671,1.00032380604781,5501.15188310672,0.406,172,125,77,TRUE
500,45,"lambda023",0.110770892497756,0.0127100427083154,0.0872994696457356,0.110180923329706,0.136767557183763,1.00006351419602,9161.65536004672,0.406,172,125,77,TRUE
500,45,"gamma12",-0.502380459095748,0.0867455737871285,-0.669717356067104,-0.503147737774209,-0.330430627385547,1.00045872287199,7324.17776638617,0.406,172,125,77,TRUE
500,45,"gamma13",0.635524894278742,0.0987814139986248,0.445172301063263,0.635070264013123,0.828090063875022,1.00054970203276,5500.04717611475,0.406,172,125,77,TRUE
500,45,"gamma23",0.425091888616457,0.133421067199145,0.166212175205146,0.424849826362853,0.691376488240462,1.00056290590676,8548.80136932114,0.406,172,125,77,TRUE
500,46,"lambda012",0.0834820697599128,0.00629757461931441,0.0716431667292914,0.0833947317953946,0.0959943481750638,1.00016114194674,6576.22555599407,0.34,209,121,82,TRUE
500,46,"lambda013",0.043142396514759,0.00468546763992569,0.0344546371955707,0.0429868889749156,0.0527950951151924,1.00006997621484,5166.67381971391,0.34,209,121,82,TRUE
500,46,"lambda023",0.0962927324338873,0.0106309282191237,0.0767061849188753,0.0958997843299555,0.118186303420573,1.00095788550661,8580.68076938965,0.34,209,121,82,TRUE
500,46,"gamma12",-0.393992090270536,0.075143654980637,-0.542441110573015,-0.393614254759219,-0.249623209713617,1.00023965149558,6861.62246495019,0.34,209,121,82,TRUE
500,46,"gamma13",0.802611845850484,0.0915413609055987,0.623584159654072,0.801133969745079,0.9853596067896,1.00006159620545,5010.9727416153,0.34,209,121,82,TRUE
500,46,"gamma23",0.404102057494741,0.121848118175237,0.162603346003252,0.403697932245645,0.639184821184466,0.999999255990068,8674.1914145567,0.34,209,121,82,TRUE
500,47,"lambda012",0.0814056055601051,0.00658951974043217,0.0690079301444202,0.0812219361051559,0.0949488059287334,1.0000933337051,7187.21838260529,0.372,179,135,73,TRUE
500,47,"lambda013",0.0518620388613891,0.00540240947100877,0.0418878735580841,0.0516948777317624,0.0630450518149929,1.00082552212961,4581.13542473893,0.372,179,135,73,TRUE
500,47,"lambda023",0.101113767796525,0.011582505403552,0.0796265027210334,0.100693425748806,0.125189514976886,1.00029235269994,9472.68248294242,0.372,179,135,73,TRUE
500,47,"gamma12",-0.566484488542016,0.0839560947569178,-0.729925600595088,-0.566821195780165,-0.403099372570875,1.00046608156491,6727.91816615386,0.372,179,135,73,TRUE
500,47,"gamma13",0.748125821038099,0.0975594578294468,0.557388093223387,0.748083547952677,0.938282279747046,1.00073285529096,4556.95974165083,0.372,179,135,73,TRUE
500,47,"gamma23",0.436010284515159,0.125383278569627,0.186454145693044,0.435431242103814,0.679836217414376,1.00022939494636,9069.33058132655,0.372,179,135,73,TRUE
500,48,"lambda012",0.0818159590876902,0.0062099306975306,0.0699681769981323,0.0817764365921013,0.094270852621352,1.00014359551766,6633.32161575533,0.396,201,101,86,TRUE
500,48,"lambda013",0.0353947781257706,0.00422335191045975,0.0274596366022079,0.0352666949148104,0.0440003160953765,1.0003400583985,4757.10047468438,0.396,201,101,86,TRUE
500,48,"lambda023",0.102966111675306,0.0113926668741273,0.0820014434545589,0.102423228495582,0.126519862923078,1.0001924900781,7773.754794709,0.396,201,101,86,TRUE
500,48,"gamma12",-0.478571624260744,0.0731206352616953,-0.622178402529075,-0.477741052976808,-0.336246749335038,1.00004194933198,6743.64547065768,0.396,201,101,86,TRUE
500,48,"gamma13",0.847203857909205,0.0991139465259861,0.652932174992132,0.846719203836035,1.03997695823855,1.00037499504919,4861.52974847878,0.396,201,101,86,TRUE
500,48,"gamma23",0.328665313885097,0.114834391031775,0.104038335409195,0.327600678720716,0.555480072772539,1.00034533154621,8011.63980853361,0.396,201,101,86,TRUE
500,49,"lambda012",0.080767911670033,0.00623399524125023,0.0690286048082155,0.0805863417945691,0.0935507681769309,0.999978222143353,7351.18566075656,0.392,190,114,79,TRUE
500,49,"lambda013",0.036316246630328,0.00434576070196335,0.0283158583358234,0.0361813848309125,0.045312802659669,1.00004829209746,3726.45694626486,0.392,190,114,79,TRUE
500,49,"lambda023",0.119452445763398,0.0134704393659517,0.0944793359234104,0.118909172717975,0.147208605590846,1.00001004032444,8510.89485032999,0.392,190,114,79,TRUE
500,49,"gamma12",-0.4981456802821,0.0754811483173979,-0.645663303728252,-0.498154916050428,-0.350581695461459,1.00085426997721,6393.43067621337,0.392,190,114,79,TRUE
500,49,"gamma13",0.852546707792858,0.0921158632804398,0.671615451868139,0.85188934997138,1.03363202503305,0.999953297977013,3646.48008384151,0.392,190,114,79,TRUE
500,49,"gamma23",0.688141118721829,0.136835248395392,0.419413003842537,0.687357552015852,0.955281664591396,1.00002657137429,9070.85410202663,0.392,190,114,79,TRUE
500,50,"lambda012",0.0829151490703399,0.0066416056075955,0.0702175409869773,0.0827071599068468,0.0965531120599696,1.00049939356973,7330.30395592873,0.412,179,115,70,TRUE
500,50,"lambda013",0.0474607440841899,0.00514816968450145,0.0380499271435884,0.0472668801753525,0.0581463940354146,1.00103310068495,5343.95448024935,0.412,179,115,70,TRUE
500,50,"lambda023",0.0977585319495399,0.0119164738560836,0.0757900901293736,0.09722349379121,0.122733122535054,1.00020843224089,8118.40017145997,0.412,179,115,70,TRUE
500,50,"gamma12",-0.513452363265438,0.0809474163734218,-0.669048586642504,-0.514843716178576,-0.35345037893315,0.999985308560277,7142.03084169073,0.412,179,115,70,TRUE
500,50,"gamma13",0.597692620545891,0.098308023536772,0.406700287961597,0.597733820583842,0.788890807849592,1.00036779146475,5402.38607563615,0.412,179,115,70,TRUE
500,50,"gamma23",0.399716493306084,0.129455377361622,0.146930054615751,0.399285383992726,0.652388716584982,1.00050510343282,8591.80700971533,0.412,179,115,70,TRUE
500,51,"lambda012",0.0824956380119484,0.00655302237856442,0.0700568788476461,0.0823191991603068,0.0958289763625501,1.00022260862367,6144.28419463499,0.392,190,114,67,TRUE
500,51,"lambda013",0.0442183442039839,0.00492915995245442,0.035112609026466,0.0440098035221909,0.0543791437915695,1.00112691190973,4901.21817781581,0.392,190,114,67,TRUE
500,51,"lambda023",0.0891608347751972,0.0110191875684451,0.0689404075798202,0.0887051850141228,0.111863179932981,1.00004540406086,8564.38324189192,0.392,190,114,67,TRUE
500,51,"gamma12",-0.553192962661134,0.0805754853885815,-0.710570266828878,-0.552695481658449,-0.394870442032467,1.00122930439464,6250.59876938965,0.392,190,114,67,TRUE
500,51,"gamma13",0.743210123671319,0.0973913243613502,0.549281758030272,0.743608891384441,0.936525485340916,1.00048437410457,4754.10648038121,0.392,190,114,67,TRUE
500,51,"gamma23",0.501158602396791,0.138607045796503,0.234802856061113,0.500019983852254,0.774972764668707,1.00006200144745,9228.18370016863,0.392,190,114,67,TRUE
500,52,"lambda012",0.0760835169719074,0.00610058514684455,0.0646747743480362,0.0759260783104635,0.0884998618579055,1.00120984482752,6386.93723958985,0.388,191,115,88,TRUE
500,52,"lambda013",0.0407350610833827,0.00460044871801741,0.0320938562599628,0.04062153069108,0.0501912371926562,1.00097075705364,4540.64772863755,0.388,191,115,88,TRUE
500,52,"lambda023",0.126935167840231,0.0138142431931422,0.101183932643981,0.126463680101896,0.155320283312075,1.0003380324827,7746.05174672945,0.388,191,115,88,TRUE
500,52,"gamma12",-0.569683916253671,0.0778889997408392,-0.719518327392166,-0.569984108270701,-0.416797889210858,1.0002341726644,6454.60072166629,0.388,191,115,88,TRUE
500,52,"gamma13",0.749355015635069,0.10210133428355,0.550677252489021,0.748456441867116,0.949474377438592,1.00118389984529,4524.67988565487,0.388,191,115,88,TRUE
500,52,"gamma23",0.494366419008522,0.110950043701255,0.277848547235071,0.494585104937465,0.711746398145017,1.00026061035656,8591.43750392988,0.388,191,115,88,TRUE
500,53,"lambda012",0.0760898269883436,0.0061570141545172,0.0647157500151406,0.0759144508959662,0.0885646136970062,1.00005890483278,6635.87979689484,0.4,185,115,74,TRUE
500,53,"lambda013",0.0434046195039237,0.00473301426736005,0.0346670116389406,0.0432768712577931,0.0528587038212064,1.00022812699548,5336.20052839828,0.4,185,115,74,TRUE
500,53,"lambda023",0.122339428717301,0.0140745576881077,0.0960742003723558,0.121909723438424,0.151633650570181,1.00000185228057,9671.71044705984,0.4,185,115,74,TRUE
500,53,"gamma12",-0.422251995034954,0.0817993920615903,-0.583602638604183,-0.422215223435414,-0.261181061097814,1.00006723299115,7031.88893256238,0.4,185,115,74,TRUE
500,53,"gamma13",0.80526811988756,0.0972600401814996,0.612740490502601,0.8055797688821,0.997071228635846,1.00045307233929,5129.91952539446,0.4,185,115,74,TRUE
500,53,"gamma23",0.80006632758943,0.122417124286701,0.557143287319644,0.801760082756829,1.03364257496349,1.0001125754376,9398.14786524,0.4,185,115,74,TRUE
500,54,"lambda012",0.0800443537715945,0.00633730885511205,0.0679873222064805,0.0799400841266379,0.0928136493272598,1.00064396967844,5893.70822091697,0.39,196,109,84,TRUE
500,54,"lambda013",0.0416462992881884,0.00465654315038678,0.0330254961137104,0.041498233946834,0.0512514499111526,1.00013198786375,4858.43485849434,0.39,196,109,84,TRUE
500,54,"lambda023",0.118302695657584,0.0131935487436114,0.093961957300452,0.117761196355326,0.145685937569375,1.00007034448823,7834.9782606794,0.39,196,109,84,TRUE
500,54,"gamma12",-0.469585054980396,0.0753093696754116,-0.617172965524753,-0.469592592654684,-0.318610606049256,1.00113445335408,6020.76209010975,0.39,196,109,84,TRUE
500,54,"gamma13",0.765767032272551,0.0988005255858534,0.570399681447403,0.76551522168444,0.95635953355428,1.00007623137334,5102.41766284593,0.39,196,109,84,TRUE
500,54,"gamma23",0.415785319577632,0.113023739980628,0.192802910904994,0.416420856046487,0.635131018659171,1.00087855961361,7522.59670358823,0.39,196,109,84,TRUE
500,55,"lambda012",0.0775979522861675,0.00626239421791239,0.065705021350231,0.0774464785183511,0.0902482902085593,1.00059323808838,6173.01241792509,0.39,186,119,89,TRUE
500,55,"lambda013",0.0442843372277197,0.00490121876011631,0.0351897227022922,0.0441223793730261,0.0542520757111715,1.00032732148351,4658.10356551265,0.39,186,119,89,TRUE
500,55,"lambda023",0.12652922294308,0.0137284266094226,0.101148435506849,0.126128968677803,0.154780290756382,1.00020735298692,8239.14065593467,0.39,186,119,89,TRUE
500,55,"gamma12",-0.473094207763094,0.0785425617425859,-0.628434647275417,-0.472666107626229,-0.319562824878518,1.00186184163456,5879.20276569023,0.39,186,119,89,TRUE
500,55,"gamma13",0.783336918126282,0.109348262394854,0.571110276544991,0.782431632329926,1.00120841486789,1.00029040621727,4722.60632481078,0.39,186,119,89,TRUE
500,55,"gamma23",0.466073647632136,0.121031660390994,0.230476336649732,0.465975973901963,0.705751994539449,1.00036817256792,8453.31606924616,0.39,186,119,89,TRUE
500,56,"lambda012",0.0804592713077115,0.00634562796430716,0.0683841441794123,0.0803161952434152,0.0933597827904466,1.00072952717082,7468.41325743582,0.386,184,123,71,TRUE
500,56,"lambda013",0.0462228288805682,0.0049483928697814,0.0371240492737976,0.046087597035863,0.0564416198382402,1.00082646415558,4802.12960245233,0.386,184,123,71,TRUE
500,56,"lambda023",0.092729869955826,0.0109040736827934,0.0726132666158211,0.0922736929421347,0.11524492842226,1.00034979574583,9470.50931451917,0.386,184,123,71,TRUE
500,56,"gamma12",-0.52596915404542,0.0730268596429747,-0.66955665093896,-0.525964389284356,-0.382293331077167,1.00005408014192,7275.75314877575,0.386,184,123,71,TRUE
500,56,"gamma13",0.585489854399337,0.0915749004410443,0.408759009770772,0.585310011668541,0.764693637743778,1.00071897079662,4775.01601686265,0.386,184,123,71,TRUE
500,56,"gamma23",0.656887356418981,0.129604090092533,0.406938366391179,0.656436493171018,0.913279781430336,1.00018687119896,9085.89206272513,0.386,184,123,71,TRUE
500,57,"lambda012",0.0694601298885579,0.00590248802591439,0.0585733095389569,0.069242194228753,0.0814312388781116,1.00053211196909,5546.66863202869,0.382,187,122,76,TRUE
500,57,"lambda013",0.041694118963228,0.00462830201409473,0.0331343908663409,0.0415467316257045,0.0512105855591153,1.00100290293226,4239.86202290666,0.382,187,122,76,TRUE
500,57,"lambda023",0.090461620844296,0.0111396853123096,0.0701391052681648,0.0899001188261217,0.113926387015456,1.00013793950754,6699.08538963587,0.382,187,122,76,TRUE
500,57,"gamma12",-0.624057681160166,0.0808650951085043,-0.782288415824337,-0.623399881970229,-0.465723328592354,1.00061351439095,5663.64218916654,0.382,187,122,76,TRUE
500,57,"gamma13",0.837389860870158,0.0955166200001541,0.65020521884224,0.836772132419678,1.02524007589747,1.00102232391785,4314.75421217929,0.382,187,122,76,TRUE
500,57,"gamma23",0.283735635667982,0.121000086593087,0.0510979517251845,0.283866285821166,0.519000338196514,1.00040926212418,6422.89170679284,0.382,187,122,76,TRUE
500,58,"lambda012",0.0706951970909562,0.0059092624705503,0.0594161387616138,0.0705823174876531,0.0826872632427645,1.00042214990349,6742.61381345062,0.424,171,117,68,TRUE
500,58,"lambda013",0.0419025564696458,0.0046661238878388,0.0332304349032345,0.0417875366391721,0.0514619375060457,1.00027303366936,4570.39310228861,0.424,171,117,68,TRUE
500,58,"lambda023",0.10638494758041,0.012828300061499,0.0821914310482659,0.106036021630142,0.132877243030224,1.00003764981198,8678.92327715231,0.424,171,117,68,TRUE
500,58,"gamma12",-0.507102647845799,0.0821491764489945,-0.668501806615138,-0.506008625777256,-0.34807453162211,1.00001808010929,6713.65520854388,0.424,171,117,68,TRUE
500,58,"gamma13",0.735501202747179,0.0983444927846522,0.543957160586213,0.735750503704204,0.92392507811788,1.00009812187012,4616.4292601859,0.424,171,117,68,TRUE
500,58,"gamma23",0.53692753073678,0.124307047385944,0.294361148532361,0.535777992494011,0.78235738868578,1.00025133475597,9082.11906371669,0.424,171,117,68,TRUE
500,59,"lambda012",0.0850471960700403,0.00659495606505798,0.0725349173126745,0.0849092758018143,0.0984671630354544,1.00001206874047,7344.29206414587,0.396,187,115,87,TRUE
500,59,"lambda013",0.0433203088127995,0.00491292515835718,0.0342553758982724,0.0431069359228078,0.0533875175942945,1.00043027916758,4871.20169175304,0.396,187,115,87,TRUE
500,59,"lambda023",0.123747984330654,0.0131280481722855,0.0990766304671583,0.123243896786779,0.150748928887125,1.00050041690855,8932.77365047241,0.396,187,115,87,TRUE
500,59,"gamma12",-0.552421588599153,0.0828858585614562,-0.714719839136068,-0.552920238628668,-0.390643760064898,1.0000335978344,7451.64011954318,0.396,187,115,87,TRUE
500,59,"gamma13",0.694922037577365,0.105910735830879,0.485161387831568,0.694564072649305,0.900273435702903,1.00050773404556,4482.16631143578,0.396,187,115,87,TRUE
500,59,"gamma23",0.431622498953083,0.113917645892951,0.20717270440752,0.432155363494062,0.650891880456078,1.00051448277461,9308.11452597905,0.396,187,115,87,TRUE
500,60,"lambda012",0.0737721674606866,0.00615315675177735,0.0622906200865192,0.0735964594525993,0.0863522652384633,1.0003532536917,6268.07855930763,0.45,179,96,74,TRUE
500,60,"lambda013",0.0376080075939609,0.00440546964279717,0.0295804621270974,0.037395423149873,0.046834631059359,1.00006748426191,5382.96456244174,0.45,179,96,74,TRUE
500,60,"lambda023",0.129342830327577,0.0151404193200165,0.101164442173568,0.128888996732768,0.160318851641773,1.00009618715721,8217.18926491883,0.45,179,96,74,TRUE
500,60,"gamma12",-0.493674904892295,0.0813583465250363,-0.654554596252235,-0.494011890346997,-0.333013681303508,1.00052274936576,5788.15129029787,0.45,179,96,74,TRUE
500,60,"gamma13",0.740842274622959,0.0985313407506463,0.545391225665003,0.742987980172621,0.926229125977725,1.00065793280817,5434.50345576395,0.45,179,96,74,TRUE
500,60,"gamma23",0.492533590302753,0.120623476987079,0.25607712773763,0.494340932995741,0.729567002941105,0.999922819850757,8111.54215131588,0.45,179,96,74,TRUE
500,61,"lambda012",0.0829409979271735,0.0066547874562128,0.0703672249031752,0.082777084839479,0.0966863115253874,1.00060290460302,7144.7347925455,0.376,178,134,80,TRUE
500,61,"lambda013",0.0550414166734774,0.00558829342977733,0.0446805425812691,0.0548855260068339,0.0665117214395287,1.00049280500005,5058.43255258214,0.376,178,134,80,TRUE
500,61,"lambda023",0.113847351829612,0.0127338648309877,0.0902751756595785,0.113337954102767,0.140250815109792,1.00101768390889,8962.29362846252,0.376,178,134,80,TRUE
500,61,"gamma12",-0.466747399494804,0.0779050659929611,-0.619058310492902,-0.466339484845242,-0.313838998363404,1.00014530502832,7555.66233049506,0.376,178,134,80,TRUE
500,61,"gamma13",0.598466918674956,0.0925502360515007,0.42034297584083,0.597912481163672,0.778815758254935,1.00013694250952,5210.38199297377,0.376,178,134,80,TRUE
500,61,"gamma23",0.372239077705391,0.122643769162426,0.131629641456363,0.372747800689228,0.61357617771558,1.00028959041299,8526.6534907427,0.376,178,134,80,TRUE
500,62,"lambda012",0.0729621377755822,0.00595718021541807,0.0615949934279928,0.0728732413197807,0.0849934040443862,1.00019931761124,7594.07652939091,0.414,171,122,79,TRUE
500,62,"lambda013",0.0398530869067717,0.00459160683347278,0.0313189325515547,0.0396485593921135,0.0492560522768463,1.0005000987216,3764.97927127438,0.414,171,122,79,TRUE
500,62,"lambda023",0.126453842389945,0.01409190047195,0.100685642965626,0.125803022792516,0.155400622607965,1.00011761359516,8531.8835554508,0.414,171,122,79,TRUE
500,62,"gamma12",-0.535059592385812,0.0855345227127825,-0.702104297570894,-0.535497458650356,-0.365617407283926,1.00027418136209,6992.11693952497,0.414,171,122,79,TRUE
500,62,"gamma13",0.933325490259935,0.109885309180199,0.717085566267247,0.93379000795511,1.14782447256238,1.00072918429962,4013.49623661541,0.414,171,122,79,TRUE
500,62,"gamma23",0.500774753340968,0.115332228304372,0.275805885234575,0.50027625270874,0.726923102159746,1.00011318181964,9443.64229188768,0.414,171,122,79,TRUE
500,63,"lambda012",0.0765364762843325,0.00621776644441842,0.0649428637812318,0.0763511934682738,0.0891457566399267,1.00047615010942,6082.73012018109,0.378,190,121,92,TRUE
500,63,"lambda013",0.0462384998680267,0.00476399876710546,0.0374697312625685,0.046037687281172,0.0560055751499754,1.00009372584349,5659.13643275422,0.378,190,121,92,TRUE
500,63,"lambda023",0.138657760991542,0.0149003733864556,0.111439537423504,0.138158735439708,0.169121507076502,1.00012095497485,7948.27313536326,0.378,190,121,92,TRUE
500,63,"gamma12",-0.632197448215075,0.0893574285834348,-0.806599238179398,-0.632340814983307,-0.458936704599801,1.00022859784549,6248.54495816917,0.378,190,121,92,TRUE
500,63,"gamma13",0.681580888676728,0.100896947126206,0.484821840122112,0.682214628603487,0.877058961517117,1.00015952576429,5784.62444241476,0.378,190,121,92,TRUE
500,63,"gamma23",0.568537483067087,0.125826997104092,0.321120469166286,0.569481757225021,0.813059100997267,1.0000781062055,7740.24157132803,0.378,190,121,92,TRUE
500,64,"lambda012",0.0751128380518136,0.00623924633397891,0.0635270096785954,0.0749235821961726,0.0878493671749213,1.00027549082101,5863.32280942097,0.396,191,111,78,TRUE
500,64,"lambda013",0.0375789065783859,0.00452170416255788,0.0291774408419054,0.0373837530575165,0.0467308509445976,0.999982501014707,3948.72006990565,0.396,191,111,78,TRUE
500,64,"lambda023",0.0987425532007393,0.011469054401125,0.0774840418095334,0.0983186074487537,0.122570548295218,0.999947914306731,7730.83348945833,0.396,191,111,78,TRUE
500,64,"gamma12",-0.586732174114547,0.075784268560491,-0.733273726516304,-0.587895834683196,-0.436460643143678,1.00024974202726,5967.62837080408,0.396,191,111,78,TRUE
500,64,"gamma13",0.843794858832815,0.107152643147242,0.63362127552355,0.842035375124539,1.05489221384961,1.00004241176098,3933.18696707706,0.396,191,111,78,TRUE
500,64,"gamma23",0.336735803476457,0.113470316719044,0.113657104063189,0.336452826301193,0.56157942018939,1.00056594784722,7572.33225823235,0.396,191,111,78,TRUE
500,65,"lambda012",0.084687704992707,0.00676509280498532,0.0718813146736274,0.0845020336369956,0.098483040081411,1.00034243368537,6895.90770528149,0.374,182,131,77,TRUE
500,65,"lambda013",0.0559809914656729,0.00558039970137395,0.0454714991231328,0.0558485479121993,0.0675892779405783,1.00017484468195,5728.30060816517,0.374,182,131,77,TRUE
500,65,"lambda023",0.101255343820884,0.0113415375542066,0.0802469051937921,0.100804690596882,0.12464048699876,0.999975827518312,8614.77304523249,0.374,182,131,77,TRUE
500,65,"gamma12",-0.427168430659355,0.0783809807295451,-0.584399397907865,-0.42646806073999,-0.27534851159416,1.00015489435923,7361.52511498741,0.374,182,131,77,TRUE
500,65,"gamma13",0.651899433114732,0.0927621685404287,0.472310505632007,0.651728337652794,0.834230785756578,1.00044001058431,5963.23051711366,0.374,182,131,77,TRUE
500,65,"gamma23",0.378724186549808,0.122346298876753,0.135563120233143,0.379051949117778,0.618793894328419,1.00008607191969,9354.20893103404,0.374,182,131,77,TRUE
500,66,"lambda012",0.0775019758727376,0.0062130390819287,0.0656853520874996,0.0773352228468241,0.0902029134124522,1.00095312917022,6899.54546963958,0.416,180,112,83,TRUE
500,66,"lambda013",0.0377386483959927,0.00454408591561032,0.0293105860754455,0.0376202617475647,0.0469438148028351,1.00047961771346,4246.41984820975,0.416,180,112,83,TRUE
500,66,"lambda023",0.111018274310967,0.0126470625567996,0.0877748430991319,0.11056126620938,0.137339048126418,1.00011621910863,7824.55193076877,0.416,180,112,83,TRUE
500,66,"gamma12",-0.438133527490819,0.0745628126864148,-0.58224982194413,-0.438445016062479,-0.291533711877598,1.00000723834751,7220.45212337768,0.416,180,112,83,TRUE
500,66,"gamma13",0.881704948890497,0.102586185836043,0.68329298468326,0.88113848381968,1.0841804971087,1.00010171167424,4026.1486284349,0.416,180,112,83,TRUE
500,66,"gamma23",0.23351100819479,0.122731503157211,-0.00890810185843642,0.233493380282206,0.468075985906056,1.00067190361562,7404.30849397015,0.416,180,112,83,TRUE
500,67,"lambda012",0.0754752922162895,0.00615036157615842,0.06388373793804,0.0752922197442071,0.0879781807935487,1.00035004485134,6958.39403580753,0.416,177,115,79,TRUE
500,67,"lambda013",0.0409794775073704,0.00472015479376878,0.0322795435620084,0.0407640144215743,0.0506946896128784,1.00051007555063,4333.1380370857,0.416,177,115,79,TRUE
500,67,"lambda023",0.101564196370943,0.0112544300378775,0.0807327559913099,0.101393332136268,0.124615883088732,1.0002259637328,8905.05254881895,0.416,177,115,79,TRUE
500,67,"gamma12",-0.553953847410616,0.0840159418427401,-0.717886341454776,-0.554516951247341,-0.390912718479614,1.00026224510068,6791.12013948545,0.416,177,115,79,TRUE
500,67,"gamma13",0.885699192953656,0.107074003967067,0.673967451501492,0.885450513984848,1.09177029544229,1.00020506875857,4531.37702580225,0.416,177,115,79,TRUE
500,67,"gamma23",0.46183103287307,0.113177910403885,0.244700815162707,0.461319905707989,0.684182630754009,0.999935523869325,8869.05667568757,0.416,177,115,79,TRUE
500,68,"lambda012",0.083229528607718,0.0064387147460079,0.0711949438918461,0.0830777411985539,0.096360906573674,1.0000491980493,8048.49140605506,0.394,181,122,63,TRUE
500,68,"lambda013",0.0489957655758538,0.00505369448775561,0.0394312298418449,0.048876984969266,0.0595007652276698,1.00061756780677,5384.57490271075,0.394,181,122,63,TRUE
500,68,"lambda023",0.0854137468389213,0.0105531422910053,0.066141078087211,0.085022589947493,0.107086886129828,1.00079385821708,9084.56060523102,0.394,181,122,63,TRUE
500,68,"gamma12",-0.407546770630212,0.0802016929245582,-0.564485246646123,-0.407608158686735,-0.251393935278377,1.00022119945209,7701.14775017522,0.394,181,122,63,TRUE
500,68,"gamma13",0.590430854263146,0.087924811701912,0.418473670749998,0.590038485952267,0.761685226672586,1.00029660660371,5243.97837252368,0.394,181,122,63,TRUE
500,68,"gamma23",0.635532731420102,0.133484777635057,0.371807270916595,0.636507167837498,0.895316138365987,1.00051925200049,9406.76710867876,0.394,181,122,63,TRUE
500,69,"lambda012",0.0862614391245195,0.00640439990230016,0.0740671708325,0.0861516167079378,0.099216234779715,1.00026565545248,6931.51064706994,0.356,212,110,87,TRUE
500,69,"lambda013",0.0414760011755674,0.00454826039493152,0.0330241010762761,0.0413073940947047,0.0509359989539837,1.00136565365669,5366.85115521482,0.356,212,110,87,TRUE
500,69,"lambda023",0.105873456386004,0.0113837613534004,0.0847203393438971,0.105439421797298,0.128894674899079,0.999984404289478,8426.48352581856,0.356,212,110,87,TRUE
500,69,"gamma12",-0.43743578165447,0.0782121202851852,-0.589476943512311,-0.437731219968637,-0.283552136598457,1.0001434085478,7211.90486939146,0.356,212,110,87,TRUE
500,69,"gamma13",0.729748153411462,0.10819111142084,0.517413105664412,0.729756883419318,0.941318837969739,1.00109572024792,5468.39080819112,0.356,212,110,87,TRUE
500,69,"gamma23",0.419376539484708,0.118851189565021,0.18298551409266,0.419819845051715,0.650949441697794,1.00058759514774,8658.87548545952,0.356,212,110,87,TRUE
500,70,"lambda012",0.0994124687825617,0.00762500569702029,0.0849815456112633,0.0992517620144388,0.114802419769365,1.00056055979639,7064.37598949908,0.338,206,125,83,TRUE
500,70,"lambda013",0.0594604876787522,0.0059203637709527,0.0484046961152851,0.0592942530157067,0.071531750382369,1.00051652338858,6082.19564020167,0.338,206,125,83,TRUE
500,70,"lambda023",0.0976995008003275,0.0110860491564804,0.0770849779272442,0.0972710001862053,0.12081270771769,1.00028656348863,7574.6080690439,0.338,206,125,83,TRUE
500,70,"gamma12",-0.522826231199739,0.0767310543368932,-0.675385119056427,-0.522028460741744,-0.372272205591737,1.00013485793345,6802.45969331502,0.338,206,125,83,TRUE
500,70,"gamma13",0.501273339804889,0.091861024117727,0.320942292052647,0.501197004220052,0.684758431067302,1.00010903571643,6377.74244133636,0.338,206,125,83,TRUE
500,70,"gamma23",0.435845515254442,0.11657981084469,0.20623949673317,0.435843891998662,0.664865285585245,1.00060701369769,8357.57733488692,0.338,206,125,83,TRUE
500,71,"lambda012",0.0772766810224491,0.00604035301524884,0.0660312243667191,0.0770844400773678,0.0897223163693504,1.00085736986121,7288.39809446475,0.39,180,125,75,TRUE
500,71,"lambda013",0.046317216452514,0.00501449384437005,0.0368649921016349,0.0460934980594096,0.0566213377969904,1.00039424509015,4910.72959448757,0.39,180,125,75,TRUE
500,71,"lambda023",0.108507950528026,0.01228794333595,0.0857534191395787,0.108109281325021,0.133714814853497,1.00039837525443,9287.86700506111,0.39,180,125,75,TRUE
500,71,"gamma12",-0.490480117722353,0.0755135954866424,-0.638631055363914,-0.491258824520003,-0.342406146732502,1.00031083168811,7468.65337220124,0.39,180,125,75,TRUE
500,71,"gamma13",0.596500504416325,0.101129235940402,0.401588219455108,0.59578374123248,0.791323930165006,1.00051980022623,5094.77988853704,0.39,180,125,75,TRUE
500,71,"gamma23",0.406146749699952,0.117886626412957,0.174195406898572,0.405209970333126,0.63754818628234,1.00017541533833,9482.85524278966,0.39,180,125,75,TRUE
500,72,"lambda012",0.0870256574399441,0.00660053197598114,0.0745900970706177,0.086884087644868,0.100119502604821,1.00063488525933,7482.76112549978,0.374,199,114,83,TRUE
500,72,"lambda013",0.0418442218498815,0.00475429414533502,0.0330399971980407,0.0416989343139943,0.0516295164125426,1.00014917150053,4673.96075828085,0.374,199,114,83,TRUE
500,72,"lambda023",0.102660320812271,0.0112428767101067,0.0819334193141336,0.102272557482682,0.125839647682273,0.999932146012401,8726.76906179628,0.374,199,114,83,TRUE
500,72,"gamma12",-0.405807605226059,0.0751079395262302,-0.552651431222614,-0.405601949111501,-0.259794993801185,1.00015854360718,8071.28381278782,0.374,199,114,83,TRUE
500,72,"gamma13",0.857624210238849,0.110844782795562,0.638851327637021,0.858011131357117,1.07481597519235,1.00047709829929,4437.63371681478,0.374,199,114,83,TRUE
500,72,"gamma23",0.548470504535267,0.109355892551541,0.33232193578336,0.548857825275758,0.762521918122438,1.00061972783908,9534.4657112141,0.374,199,114,83,TRUE
500,73,"lambda012",0.0793698267723491,0.00640541632238238,0.0676331417910177,0.0792225322276407,0.0926211281462766,1.00038655377001,6019.91933154385,0.398,194,107,90,TRUE
500,73,"lambda013",0.0341982384820576,0.00434647366084003,0.0262449339855949,0.0340445298968016,0.0431042948814628,1.00016088986884,3791.7069444543,0.398,194,107,90,TRUE
500,73,"lambda023",0.125092804920105,0.0132289711468505,0.1002501721176,0.124560118167509,0.152694180329509,1.00038950762458,8483.2111127411,0.398,194,107,90,TRUE
500,73,"gamma12",-0.735809455596196,0.0734569376803827,-0.878328898253784,-0.737354348479788,-0.588841348446146,1.00000823140955,5973.91721767135,0.398,194,107,90,TRUE
500,73,"gamma13",0.927543110217684,0.110051554035197,0.712414728023796,0.927686231840188,1.1413869762131,0.99992737817627,3625.7723998474,0.398,194,107,90,TRUE
500,73,"gamma23",0.552224052786217,0.113710842487733,0.326292217378783,0.552065269841426,0.772802469339699,1.00002435313407,8712.07891993038,0.398,194,107,90,TRUE
500,74,"lambda012",0.0898283071606291,0.0067183157511189,0.0772151153408294,0.0896310040420875,0.103319428416652,1.00041234608069,6891.80504280451,0.394,204,99,79,TRUE
500,74,"lambda013",0.0339000869080795,0.00440397955819331,0.0257665790173303,0.0337034822249958,0.0430084791421265,1.00153562059336,3558.96760598688,0.394,204,99,79,TRUE
500,74,"lambda023",0.0870021263345685,0.00987157745846796,0.06857610321185,0.0866227574726578,0.10722797863044,1.0001537183961,8980.96336504999,0.394,204,99,79,TRUE
500,74,"gamma12",-0.539987929395,0.0750365209555676,-0.6875180930415,-0.540046525790178,-0.392654971166133,1.0002380275548,7227.0514781348,0.394,204,99,79,TRUE
500,74,"gamma13",0.78065610599887,0.113426593077961,0.555379437735355,0.780856098524774,1.00383409832704,1.00244533812041,3761.49269505096,0.394,204,99,79,TRUE
500,74,"gamma23",0.393457712950632,0.130729630973743,0.144389450187789,0.392837997264008,0.649542667353845,1.00004099552454,8650.48735876115,0.394,204,99,79,TRUE
500,75,"lambda012",0.0808585736575554,0.00656400947449771,0.0684556106198473,0.0806591854608545,0.0943372735856606,1.00050978796688,6014.70317925823,0.378,186,125,74,TRUE
500,75,"lambda013",0.0520590807518107,0.00541177055126,0.0421504960168925,0.0519145290205581,0.0629211970921516,1.00076255015053,5908.29356534055,0.378,186,125,74,TRUE
500,75,"lambda023",0.103591430885167,0.0121312776533056,0.0811986813318841,0.103013490498794,0.128483767427216,0.999993373045442,8277.81135797849,0.378,186,125,74,TRUE
500,75,"gamma12",-0.473968493388858,0.0824577343471305,-0.636811409087079,-0.473070461943209,-0.312471866638996,0.999944578336364,6085.65747767813,0.378,186,125,74,TRUE
500,75,"gamma13",0.813234663339609,0.0993599682310769,0.619909353261918,0.812680932309234,1.00781537689017,1.00080924551191,5435.01217777398,0.378,186,125,74,TRUE
500,75,"gamma23",0.472015279402679,0.131948813252701,0.217312650692145,0.470691854801475,0.731538501346561,1.00018957017726,8504.46861585629,0.378,186,125,74,TRUE
500,76,"lambda012",0.0749766768874158,0.00626229956562216,0.0630743476623874,0.0747951240233043,0.0876963124012935,1.00015889692421,5914.34590081707,0.376,178,134,62,TRUE
500,76,"lambda013",0.0522965484048705,0.00543252098476366,0.0421669483472279,0.0521204809524237,0.0634685356697727,1.00032695837364,4815.04177932729,0.376,178,134,62,TRUE
500,76,"lambda023",0.0848186847224399,0.0107205046120054,0.0650918179325202,0.084319471220999,0.106816323247087,1.00044142728799,8172.92632121027,0.376,178,134,62,TRUE
500,76,"gamma12",-0.557352795811704,0.0766795934373883,-0.706147281902265,-0.557457083768977,-0.406214738143533,1.00003594937064,5992.59659459685,0.376,178,134,62,TRUE
500,76,"gamma13",0.681821600210118,0.0960616743554857,0.495385757186791,0.68081730385062,0.874374883223094,1.00132858867252,4938.91714563176,0.376,178,134,62,TRUE
500,76,"gamma23",0.483416762631694,0.132965473680612,0.22506686555771,0.483432729801262,0.742888552383868,1.00050941620921,8961.18485813487,0.376,178,134,62,TRUE
500,77,"lambda012",0.071373727719274,0.00604409990960598,0.0599930240725295,0.0711433845221499,0.0838666971653782,1.00074788206504,6734.77805122148,0.398,165,136,75,TRUE
500,77,"lambda013",0.0505753505065173,0.0052463480398345,0.0408902656762245,0.0504262809968643,0.0612823156633518,1.0008961431113,4439.5179885315,0.398,165,136,75,TRUE
500,77,"lambda023",0.135851564156575,0.0154837500837922,0.107570114948138,0.135280016744793,0.16791288329036,1.00021068840079,8314.84847415951,0.398,165,136,75,TRUE
500,77,"gamma12",-0.518268283621123,0.0789896956336434,-0.67635378400246,-0.51812174925476,-0.364298543622078,1.00011449434998,6963.17046846425,0.398,165,136,75,TRUE
500,77,"gamma13",0.705268392109146,0.08894900707813,0.532549876346876,0.704925099211869,0.877995487041861,1.00060168242975,4506.85030211048,0.398,165,136,75,TRUE
500,77,"gamma23",0.800662259743926,0.136740582979517,0.534919808748093,0.799351924600684,1.0723299747967,1.0000391468786,10317.0573446419,0.398,165,136,75,TRUE
500,78,"lambda012",0.0716996293924439,0.0061161198763023,0.0600359641665152,0.0716609304241082,0.0840762966976007,1.00087124077505,5267.02579445671,0.366,189,128,81,TRUE
500,78,"lambda013",0.0456361450243822,0.00482758361136396,0.036595925351835,0.045459405946455,0.055560115735801,1.00127950832256,4940.58805442146,0.366,189,128,81,TRUE
500,78,"lambda023",0.132862155408285,0.0160747314912561,0.103285750656308,0.132120463260912,0.165433527966879,1.00072102002613,6244.96137633039,0.366,189,128,81,TRUE
500,78,"gamma12",-0.696452985999546,0.0867633684524715,-0.868847254843981,-0.696242486148695,-0.526765812563374,1.00131210611117,5191.69224192652,0.366,189,128,81,TRUE
500,78,"gamma13",0.856216635717369,0.0908033838912437,0.679675861501129,0.85624840050354,1.03300536105226,1.00121707579652,4949.33987226248,0.366,189,128,81,TRUE
500,78,"gamma23",0.633848649080909,0.141993099408348,0.350371106302249,0.635419503092728,0.905777680517338,1.00088055493725,6381.05561213931,0.366,189,128,81,TRUE
500,79,"lambda012",0.0809449392941316,0.00622308199215634,0.0691063552666882,0.0808046158517913,0.0937029098508707,1.00008254178608,6548.622199642,0.36,199,121,81,TRUE
500,79,"lambda013",0.0415610349502894,0.0047203166671338,0.0328726981035678,0.0413672333773397,0.0512165163268112,1.00034416405308,4238.86306209935,0.36,199,121,81,TRUE
500,79,"lambda023",0.10034721496241,0.0114669321339552,0.0791491368905824,0.0998644433828285,0.124304281018775,1.0002893596186,7845.59035905365,0.36,199,121,81,TRUE
500,79,"gamma12",-0.614260958311025,0.0737996531623395,-0.755753178522887,-0.615024890117448,-0.469355173424159,1.00016672515555,6702.479083453,0.36,199,121,81,TRUE
500,79,"gamma13",0.803936157935371,0.110727945129683,0.585516904530045,0.803176004477503,1.01735484100095,1.00109962272938,4170.5655004408,0.36,199,121,81,TRUE
500,79,"gamma23",0.468123305540448,0.13445876553266,0.20840879321828,0.468186133816156,0.733213662081801,1.00032873838559,7900.90049381717,0.36,199,121,81,TRUE
500,80,"lambda012",0.0827640306335451,0.0063594938741361,0.0706452642422435,0.0826452149079935,0.0956457835553337,1.00006099718079,6845.02800078172,0.368,202,114,83,TRUE
500,80,"lambda013",0.0447564859387512,0.00470826691090237,0.0359446274586174,0.0445823576875647,0.0541876362368859,1.00001883127622,6015.75002620343,0.368,202,114,83,TRUE
500,80,"lambda023",0.109106827811825,0.0121835616044776,0.0866904740426156,0.108686618332274,0.134046578969676,1.00019724378389,8150.50048736609,0.368,202,114,83,TRUE
500,80,"gamma12",-0.559996317078516,0.0733572682849579,-0.703699098322265,-0.559880178201844,-0.419377341249681,1.00043312354783,6109.10873398344,0.368,202,114,83,TRUE
500,80,"gamma13",0.544664440314932,0.100564895874501,0.348028122933503,0.544713022570089,0.743217554948897,1.0004408048497,5883.63085735779,0.368,202,114,83,TRUE
500,80,"gamma23",0.509160302325617,0.118428355449328,0.275433991455705,0.508732121740885,0.738530995562634,1.00002374843462,8366.89195783583,0.368,202,114,83,TRUE
500,81,"lambda012",0.0741163770543986,0.00609839344124893,0.062711147595869,0.0739614221054656,0.0865256571000844,1.0002815836035,7063.91542655582,0.408,173,123,64,TRUE
500,81,"lambda013",0.0488475874676813,0.00512972893658552,0.0393934070168478,0.0486738627576187,0.0591854523713642,1.00141605391479,5491.68992504114,0.408,173,123,64,TRUE
500,81,"lambda023",0.0921027915571012,0.0119923967900272,0.0702500190011364,0.091612309716029,0.117258129924517,1.00087968708581,7907.05325742377,0.408,173,123,64,TRUE
500,81,"gamma12",-0.375200381911593,0.0772224005722757,-0.527788958954032,-0.374886784168518,-0.225364202694295,1.00044931695038,7414.60140099691,0.408,173,123,64,TRUE
500,81,"gamma13",0.766374573197986,0.0991148200644714,0.572981736426453,0.765786023464997,0.963589901771159,1.00092143696303,5355.98523636704,0.408,173,123,64,TRUE
500,81,"gamma23",0.399149540094081,0.134818599468961,0.133532931365114,0.400053667753529,0.665879952641387,1.00047931773648,7923.05922397862,0.408,173,123,64,TRUE
500,82,"lambda012",0.0841091963789947,0.0062998671403976,0.0721602807886125,0.083982983030333,0.0969379595383623,1.00020144521759,6657.45737504227,0.364,202,116,88,TRUE
500,82,"lambda013",0.0448312785199066,0.00471355178286796,0.0360509390136526,0.0446572346097747,0.0547032335508649,1.00043860862259,5654.34238162147,0.364,202,116,88,TRUE
500,82,"lambda023",0.110288101841762,0.011733752637764,0.0884604947834464,0.109948445361305,0.134189348931947,1.00054817959717,8381.49560982879,0.364,202,116,88,TRUE
500,82,"gamma12",-0.521563033897875,0.0825202737187598,-0.684505829897305,-0.521202472293018,-0.360708624133906,1.00051021961372,6888.3977109866,0.364,202,116,88,TRUE
500,82,"gamma13",0.659369342558886,0.0960496178845829,0.471183339116554,0.660555916780546,0.849137456072437,1.00060750924244,5536.60290976245,0.364,202,116,88,TRUE
500,82,"gamma23",0.507623510071434,0.119756506940758,0.274388459548164,0.507893908598435,0.740950200288663,1.00038250132761,8623.67251313264,0.364,202,116,88,TRUE
500,83,"lambda012",0.0834174035933748,0.00629730128286024,0.0716654454289356,0.0831771045342844,0.0962316474634942,1.00064737498472,8387.41102643307,0.392,193,111,86,TRUE
500,83,"lambda013",0.0394757176793523,0.00460508560976096,0.0309575243226075,0.0393044981125642,0.0491802330333995,1.00004271950447,4342.41063442694,0.392,193,111,86,TRUE
500,83,"lambda023",0.107750133854344,0.0116271458351277,0.0858671203048206,0.107354776751707,0.131741000784614,1.00006522860168,8958.87149165561,0.392,193,111,86,TRUE
500,83,"gamma12",-0.46610622476205,0.0736600668537436,-0.608579881939203,-0.466675006215411,-0.321164427718533,1.00060748415439,8130.39395855934,0.392,193,111,86,TRUE
500,83,"gamma13",0.720014824962585,0.105936117804255,0.51539730283669,0.719825328126362,0.929583335913946,1.00027546411497,4436.47322634923,0.392,193,111,86,TRUE
500,83,"gamma23",0.468677862158993,0.114605289664912,0.245100907218313,0.469015106892958,0.695399357805709,0.999980940006285,9424.50531890542,0.392,193,111,86,TRUE
500,84,"lambda012",0.0795854332281386,0.00632481741516499,0.067652730032922,0.0794486201583121,0.0922965735845419,1.00012939939532,7144.92976580068,0.408,186,110,72,TRUE
500,84,"lambda013",0.0397474791116501,0.00468071185078009,0.0311423795774602,0.0395462477051026,0.0494035418600886,1.00032967342365,4536.84930965582,0.408,186,110,72,TRUE
500,84,"lambda023",0.092021042206986,0.0107479256363843,0.0721156552080853,0.0916404869875386,0.114352141341984,1.00021066396801,8732.3364031013,0.408,186,110,72,TRUE
500,84,"gamma12",-0.580615200983027,0.0832608040163859,-0.744379186279524,-0.579262723671317,-0.420597280392365,1.00003868085214,6999.49932322438,0.408,186,110,72,TRUE
500,84,"gamma13",0.755630330980598,0.106143497751046,0.548319400233667,0.755624872237408,0.962535274140485,1.00042996179587,4436.6943229767,0.408,186,110,72,TRUE
500,84,"gamma23",0.318435988515396,0.124856774430598,0.0766663853196093,0.31756780992433,0.56655830394755,1.00000678266344,9123.57246735496,0.408,186,110,72,TRUE
500,85,"lambda012",0.0844804554368335,0.00641711559218195,0.072282988030451,0.0842861473885592,0.097629837297178,1.00017515002625,7928.52069632005,0.374,192,121,93,TRUE
500,85,"lambda013",0.044732213081746,0.00497369589571841,0.0354683104570504,0.0445748457797004,0.0549127105578052,1.00116820323291,4641.86961862827,0.374,192,121,93,TRUE
500,85,"lambda023",0.12356895183943,0.0128904909187734,0.099300224572299,0.123278953910953,0.150026574101869,1.00024822325331,7631.20286523548,0.374,192,121,93,TRUE
500,85,"gamma12",-0.438562453033538,0.0811610884743317,-0.594167698252038,-0.439035627311101,-0.277777971008465,1.00041257925714,7132.7468541314,0.374,192,121,93,TRUE
500,85,"gamma13",0.788179552917071,0.109052651395416,0.577332585023294,0.786768627225182,1.00453330709278,1.00071111371349,4948.4594829451,0.374,192,121,93,TRUE
500,85,"gamma23",0.309111113706547,0.118330012550189,0.0756067581659883,0.30952501118511,0.534858824556653,1.00074235803613,8722.36820386245,0.374,192,121,93,TRUE
500,86,"lambda012",0.0812443732123098,0.00657157563396924,0.0688250309203201,0.0811071415175378,0.0943461656001947,1.00063020607659,6890.1653995809,0.39,189,116,84,TRUE
500,86,"lambda013",0.0392814999305506,0.0046853548246792,0.0308115754647393,0.0391368393766347,0.0488447010909434,1.00092056280406,3998.42955500521,0.39,189,116,84,TRUE
500,86,"lambda023",0.11176953557664,0.0125454754004355,0.0887809028107635,0.11124193224871,0.137634883737367,1.00083364367214,8410.72404257108,0.39,189,116,84,TRUE
500,86,"gamma12",-0.532717924744141,0.0704741295853084,-0.670951827430755,-0.53341086624298,-0.394221158643702,1.0002193614217,6233.96427514232,0.39,189,116,84,TRUE
500,86,"gamma13",0.835447778767635,0.0991078727242179,0.642167989371049,0.834795348214436,1.02801318810857,1.00177003410406,3941.46899755432,0.39,189,116,84,TRUE
500,86,"gamma23",0.457465299922227,0.113050160540739,0.235134691218907,0.456499352585681,0.683218932803427,1.00061941253348,8000.77197032187,0.39,189,116,84,TRUE
500,87,"lambda012",0.0820569652012585,0.0063287347199425,0.0703049477673175,0.0818502248382421,0.0950501737156455,1.00032361233573,7198.50107551981,0.388,192,114,82,TRUE
500,87,"lambda013",0.0412457360762349,0.00461392953311521,0.032700398588041,0.0410656444565653,0.0508059398919681,1.00030656680478,4945.75306807014,0.388,192,114,82,TRUE
500,87,"lambda023",0.113899755554022,0.0123113287998516,0.0913941871367168,0.113452059662412,0.139727575143983,1.00055992583462,9195.20897598088,0.388,192,114,82,TRUE
500,87,"gamma12",-0.398855507065795,0.0746881327146879,-0.547020127863639,-0.398885689491803,-0.251936096634789,1.00069929311206,7224.59035307237,0.388,192,114,82,TRUE
500,87,"gamma13",0.770693015914529,0.10000772188168,0.574432273776802,0.771443790783005,0.96521873089359,1.00018084943749,5087.71520296643,0.388,192,114,82,TRUE
500,87,"gamma23",0.67931788799949,0.121792458328608,0.440689919381931,0.678510113749323,0.925213187264497,0.999971036578827,9106.01834326826,0.388,192,114,82,TRUE
500,88,"lambda012",0.0785278410508677,0.0061836309862738,0.0667470925891219,0.0783884558398126,0.0909248533725343,0.99996476864156,7581.58676725035,0.388,181,125,89,TRUE
500,88,"lambda013",0.0442980173844648,0.00481694785014947,0.0353231727771966,0.0441473933153187,0.0540962214437154,1.00105438243462,4773.64081841851,0.388,181,125,89,TRUE
500,88,"lambda023",0.127087215119885,0.0135563607475218,0.101813856681015,0.126658568947481,0.155026161050949,1.00010609429951,8415.71763769787,0.388,181,125,89,TRUE
500,88,"gamma12",-0.481894199099224,0.0795097112830288,-0.635796967088461,-0.482253209997862,-0.327213182136455,1.00030003157556,7281.9111794921,0.388,181,125,89,TRUE
500,88,"gamma13",0.717669620491802,0.0863236971943631,0.5477547505511,0.719606049958479,0.886148349598476,1.00064722101714,4830.00443681344,0.388,181,125,89,TRUE
500,88,"gamma23",0.380199910562163,0.102129729580398,0.177359615634149,0.380253239675415,0.579445785536477,1.00005762187661,8279.26050416761,0.388,181,125,89,TRUE
500,89,"lambda012",0.0862805183736992,0.00676286597520783,0.0733467064010895,0.0862173215018923,0.0999646901293653,1.00008844324049,7483.52736499868,0.424,188,100,76,TRUE
500,89,"lambda013",0.0396121640509286,0.00464387415551085,0.0309442333427857,0.0394978227253697,0.048907497066431,1.0001929544524,4653.03770831774,0.424,188,100,76,TRUE
500,89,"lambda023",0.0987961935739878,0.0111708299519566,0.0781833374641757,0.0982654494088384,0.122170115046736,1.00021989452333,9335.95403181607,0.424,188,100,76,TRUE
500,89,"gamma12",-0.354238842007075,0.0845974549912518,-0.52167939335355,-0.353950207003108,-0.188725373934664,1.00030930026961,7273.36887314568,0.424,188,100,76,TRUE
500,89,"gamma13",0.910341164295722,0.114079312875734,0.688276886222956,0.910362876943973,1.13817614644107,1.00069672507763,4650.39548584094,0.424,188,100,76,TRUE
500,89,"gamma23",0.374956936127962,0.115052684837447,0.146753396878161,0.374838390523987,0.601147667055376,1.00030515628142,9070.33022700113,0.424,188,100,76,TRUE
500,90,"lambda012",0.0790421252839314,0.00649097399535746,0.0669687128113047,0.0788636619407527,0.0924282374445909,1.00017635630076,6300.44538598844,0.412,179,115,72,TRUE
500,90,"lambda013",0.042926231800066,0.00497776738873291,0.0338264371032199,0.0427412607557696,0.0532225843625575,0.999948954366496,4102.48429611995,0.412,179,115,72,TRUE
500,90,"lambda023",0.112809508824977,0.0131953939779644,0.0882264571058543,0.112387972219191,0.139830156206776,1.00013290585796,8490.26661884976,0.412,179,115,72,TRUE
500,90,"gamma12",-0.464296826828735,0.0813643937316635,-0.622568403077318,-0.464975739951719,-0.303199197324359,1.00007163277359,6708.1938770727,0.412,179,115,72,TRUE
500,90,"gamma13",0.926978556149292,0.110048386512083,0.711678222724883,0.927908596899954,1.14022380882111,1.00031773896506,4258.83670864047,0.412,179,115,72,TRUE
500,90,"gamma23",0.515903501648117,0.128116996666485,0.266878161795417,0.516118626635836,0.768642075757292,1.00020908596801,8662.46332495163,0.412,179,115,72,TRUE
500,91,"lambda012",0.0764165739948648,0.00616768006435155,0.0648393033034757,0.0762261334253758,0.0887560994476904,1.00001970876782,7835.90940731269,0.428,171,115,76,TRUE
500,91,"lambda013",0.0455753819969522,0.00490743707579001,0.036487561776149,0.0453997068855565,0.0560871918029982,1.00036305368489,5293.44056169527,0.428,171,115,76,TRUE
500,91,"lambda023",0.109835481511013,0.0126632187387969,0.086371784367453,0.10942989399723,0.135859407923021,1.00045686660786,8927.19907806185,0.428,171,115,76,TRUE
500,91,"gamma12",-0.465551595067615,0.0831837277698397,-0.625449860319116,-0.46568084668458,-0.300348206383937,1.00016454513219,7558.82426525023,0.428,171,115,76,TRUE
500,91,"gamma13",0.575407965202483,0.10286268773658,0.373898905318934,0.575324157189714,0.775223565015505,1.00022812083666,5524.13459483234,0.428,171,115,76,TRUE
500,91,"gamma23",0.518107107779573,0.143308428234626,0.24190500938923,0.516317951508909,0.795801113034102,1.00018228289133,8634.66580176318,0.428,171,115,76,TRUE
500,92,"lambda012",0.0811402094297743,0.00619782919214191,0.0693867924271743,0.0809767960126222,0.0938971013016816,1.00023716755481,7336.85256372751,0.368,193,123,93,TRUE
500,92,"lambda013",0.0440271466383201,0.00474148178136014,0.0354139397573668,0.0438504459850034,0.0538414465789994,1.0010939254334,4846.19506162546,0.368,193,123,93,TRUE
500,92,"lambda023",0.125205038959466,0.0128366570359989,0.101635773348696,0.124810890230407,0.151523297377145,1.00034081026348,9038.57283735299,0.368,193,123,93,TRUE
500,92,"gamma12",-0.443869218252692,0.0802130736075099,-0.599470544073135,-0.443438526763041,-0.28816806647563,1.00067765578957,7222.92988380597,0.368,193,123,93,TRUE
500,92,"gamma13",0.760764944768473,0.0931491712534659,0.576588332910608,0.761177350922474,0.942051494714515,1.00069681052725,4888.87076938217,0.368,193,123,93,TRUE
500,92,"gamma23",0.621857341155214,0.118628313196506,0.389897964525135,0.622311760365634,0.852953526597594,1.00005159447036,9027.58665279839,0.368,193,123,93,TRUE
500,93,"lambda012",0.0725610205062488,0.00609775760092356,0.0610498437983837,0.0724039576086353,0.085002942360742,1.0001672468729,6178.80333907306,0.412,179,115,71,TRUE
500,93,"lambda013",0.0393905924883403,0.00466422791875478,0.0307827200581572,0.0392340156622223,0.0488808043634382,1.00113606468656,3969.18989631392,0.412,179,115,71,TRUE
500,93,"lambda023",0.0928334254530432,0.0116043336228347,0.0714920555847971,0.0923073728106931,0.11667837545934,1.00093692283786,7331.63887219698,0.412,179,115,71,TRUE
500,93,"gamma12",-0.512666708484768,0.073764383164242,-0.657658488406694,-0.512629047488213,-0.367185501809014,1.0002667938232,6465.40326818946,0.412,179,115,71,TRUE
500,93,"gamma13",0.915276178609586,0.110308774694177,0.698126415955566,0.915272257884978,1.13177696877087,1.00076865132581,4090.63856544333,0.412,179,115,71,TRUE
500,93,"gamma23",0.249109617889232,0.130527106471006,-0.00229079189178575,0.2486196299457,0.502857460643863,1.00033985546278,7409.95419995127,0.412,179,115,71,TRUE
500,94,"lambda012",0.0855004017772007,0.00650053172620739,0.0730667227078061,0.0853875884187698,0.0987206165934234,1.00080100443519,7674.14851823635,0.37,189,126,82,TRUE
500,94,"lambda013",0.0476667621463278,0.00518361780964246,0.037946480384956,0.0475250971687096,0.0584822216021746,1.00133790575443,4647.74210941947,0.37,189,126,82,TRUE
500,94,"lambda023",0.112172736379344,0.0122917269248509,0.0892343498704151,0.111789411722236,0.137433516501683,1.0002848181759,8890.02892452654,0.37,189,126,82,TRUE
500,94,"gamma12",-0.360305861477508,0.0754617259007264,-0.50553868065331,-0.361016199910663,-0.209771007645375,0.99994396975128,7306.27868173288,0.37,189,126,82,TRUE
500,94,"gamma13",0.718654156501583,0.0955546661168462,0.534019346361495,0.71837580635399,0.905934347857983,1.00140618732051,4814.95272719425,0.37,189,126,82,TRUE
500,94,"gamma23",0.428639158511827,0.123557539772718,0.187828913403016,0.427790663075978,0.672928723667151,1.00002705277912,8909.69543643178,0.37,189,126,82,TRUE
500,95,"lambda012",0.0776057402501031,0.00620788910538601,0.0657144902767335,0.0775407739845646,0.0903365363053652,1.00110356058239,6487.48868538039,0.372,189,125,84,TRUE
500,95,"lambda013",0.0413401449660376,0.00472561914744303,0.032609521960136,0.0411381916343328,0.0511042463231475,1.00028024700789,4221.36955539988,0.372,189,125,84,TRUE
500,95,"lambda023",0.101507068944449,0.011225329391726,0.080848275521264,0.101052296152327,0.124940457126182,1.0007041192901,8515.63022828059,0.372,189,125,84,TRUE
500,95,"gamma12",-0.531292785245182,0.0776198933063885,-0.682217761866107,-0.531346934300013,-0.379516072798049,1.00100938324089,6549.60681029646,0.372,189,125,84,TRUE
500,95,"gamma13",0.833147090986616,0.0955814880056785,0.648142237336673,0.832202334776866,1.01971688178516,1.00008557905877,3995.5871137264,0.372,189,125,84,TRUE
500,95,"gamma23",0.338827298117105,0.114852191130858,0.110379481812804,0.33860534841823,0.562756148755013,0.999987722459077,8725.7644644073,0.372,189,125,84,TRUE
500,96,"lambda012",0.0943041353070832,0.00694689294561869,0.0811936485062651,0.094118363877997,0.108539669831267,1.00018859267751,6771.41134496252,0.326,223,114,106,TRUE
500,96,"lambda013",0.0401034641459774,0.00475388928831014,0.0313944051789248,0.0398778490498772,0.0500791453094378,1.00060080916177,3985.66224923952,0.326,223,114,106,TRUE
500,96,"lambda023",0.127609237994169,0.0125416164263631,0.104106595937303,0.127103869216457,0.15365713670096,1.00117194410701,8205.98262903942,0.326,223,114,106,TRUE
500,96,"gamma12",-0.542598008490084,0.069664157293325,-0.679436930280777,-0.542101943424141,-0.406691311725502,1.00005924549767,6549.94910566613,0.326,223,114,106,TRUE
500,96,"gamma13",0.859118011195117,0.103488474551726,0.653529696503132,0.859531103354235,1.05959972063082,1.00015181179557,4340.92119904822,0.326,223,114,106,TRUE
500,96,"gamma23",0.432731848459722,0.106316634056506,0.223844365279084,0.432545416917826,0.641539777373054,1.00044313850507,8710.27370547801,0.326,223,114,106,TRUE
500,97,"lambda012",0.0763258582847197,0.00625771495730824,0.0646075307327019,0.0761190401265057,0.0891308033020753,1.00002255152182,7159.80587968475,0.41,181,114,75,TRUE
500,97,"lambda013",0.0437149259403259,0.00487198517256968,0.034601435098419,0.0435581953416412,0.0536219333517456,1.00075115436486,4981.10940137722,0.41,181,114,75,TRUE
500,97,"lambda023",0.0896922845293518,0.0106686676378813,0.0700964957777856,0.0893278449735181,0.111752801513756,1.0004700901363,7277.94902065703,0.41,181,114,75,TRUE
500,97,"gamma12",-0.479678655194496,0.0727986969965893,-0.621346845329875,-0.479741690874199,-0.336462143764167,1.00029899397587,6840.24192664609,0.41,181,114,75,TRUE
500,97,"gamma13",0.671805089370148,0.093495624118004,0.488880215721091,0.67189184595079,0.854161956742509,1.00055621750612,4924.52591519606,0.41,181,114,75,TRUE
500,97,"gamma23",0.337646581269107,0.128437142116324,0.0824776506159324,0.33829367430937,0.586901988176377,1.00010170129292,7334.98074019237,0.41,181,114,75,TRUE
500,98,"lambda012",0.077302809168849,0.00609284853249375,0.0658117728541723,0.0771860699766133,0.0895218988022751,1.00056332916479,6532.64882265347,0.414,194,99,92,TRUE
500,98,"lambda013",0.0336046194463455,0.00412810996104497,0.0258853372027927,0.0334478975173821,0.0421075193039843,1.00031136159212,4402.14203028759,0.414,194,99,92,TRUE
500,98,"lambda023",0.12550420083993,0.0132261599437745,0.101058150872971,0.125058947500409,0.152435696973016,1.00045350273997,8224.65160120901,0.414,194,99,92,TRUE
500,98,"gamma12",-0.48625943457821,0.0777343572496904,-0.639328649491689,-0.485541953473999,-0.337638852250289,1.00031274965245,7026.90585256985,0.414,194,99,92,TRUE
500,98,"gamma13",0.82525872398433,0.111385533439681,0.603199654380025,0.825233799921895,1.04600432356356,1.00058980597895,4262.47564050708,0.414,194,99,92,TRUE
500,98,"gamma23",0.502481176405759,0.120889200674806,0.265030496448471,0.503005649690777,0.73388366252405,1.00022577666345,8654.39337869048,0.414,194,99,92,TRUE
500,99,"lambda012",0.0912858508792216,0.00688680552367886,0.0782178218228543,0.0911269762044776,0.105123021088096,1.00083025472361,7734.38672586159,0.404,203,95,88,TRUE
500,99,"lambda013",0.0340890034970848,0.00439130532488536,0.0260843044877986,0.033850536926647,0.0433135748082816,1.00016684381641,3949.32252883617,0.404,203,95,88,TRUE
500,99,"lambda023",0.0994228898250312,0.0105842530227771,0.0795987461073196,0.0989852234713649,0.121358317881474,1.00010427136897,8335.33476181944,0.404,203,95,88,TRUE
500,99,"gamma12",-0.456942759363274,0.0709335528208517,-0.593854772424949,-0.457507104557099,-0.316724176513123,1.00012488944964,7513.64306061265,0.404,203,95,88,TRUE
500,99,"gamma13",0.857079587105705,0.119179829845861,0.620771953468609,0.856271764436701,1.0911924634225,1.00023021396281,4097.77400370043,0.404,203,95,88,TRUE
500,99,"gamma23",0.455261289536425,0.126366287928878,0.210719822648949,0.453783457793387,0.707541992530919,1.00034410621281,7847.14989659512,0.404,203,95,88,TRUE
500,100,"lambda012",0.0741349569000616,0.00608896516076069,0.0627888323824698,0.0739281318307657,0.0868029748574628,1.00029760775715,5918.34385797646,0.384,183,125,83,TRUE
500,100,"lambda013",0.0503664410967219,0.00499727675466137,0.0410365109149724,0.0501798573537228,0.0607399918332774,1.00001168569836,6229.13329332009,0.384,183,125,83,TRUE
500,100,"lambda023",0.11222200616268,0.0125348990501559,0.088849065767478,0.111778167795986,0.137646070647674,1.00051554561554,7482.06007535317,0.384,183,125,83,TRUE
500,100,"gamma12",-0.542206325267167,0.0790139011237199,-0.700253029951463,-0.541400787618113,-0.38901518652326,1.00058965694699,5907.96465225634,0.384,183,125,83,TRUE
500,100,"gamma13",0.555038346226956,0.0854601494158263,0.385550283030754,0.555672344143691,0.720809509853305,1.00011456139026,5995.10828821744,0.384,183,125,83,TRUE
500,100,"gamma23",0.412310784344773,0.113968824497619,0.189764727056739,0.412074745928237,0.63425566017951,1.00017579984786,8254.83228727081,0.384,183,125,83,TRUE
