"Replication","Sample_Size","Parameter","Estimate","Posterior_SD","Lower_95","Upper_95","Rhat","Rhat_Upper","ESS"
1,500,"beta0_y",1.91089045526445,0.0541587382743413,1.80444961295893,2.01693241635221,1.00285237278943,1.0100371224978,1256.33693478852
1,500,"beta1_y",0.457878222575533,0.026917177144219,0.400957935143753,0.51012715223757,1.00276290214429,1.00301199242227,232.539676411086
1,500,"beta2_y",0.968490934500218,0.0575649247720034,0.855629323870365,1.08283298421033,1.00177442612722,1.00615889115761,1176.49784706424
1,500,"sd_b0",0.98902228767571,0.0484804766960839,0.896066009930307,1.08666017371493,0.999981288977801,1.00006179826942,6370.5598332157
1,500,"sd_b1",0.594501394701506,0.0201281061251872,0.556644257283537,0.635436827460057,0.999995894136998,1.00009936777999,21427.7290197722
1,500,"rho",0.257790944451482,0.0576422394952153,0.143507105727714,0.36924310934706,1.00019893884515,1.00074367529541,8578.92973898191
1,500,"sigma_y",0.974333867090247,0.0126558184083868,0.949849194642919,0.999755277090111,1.0000136386582,1.00015674109086,16635.1472899064
2,500,"beta0_y",2.03045347708618,0.0603031987507195,1.90991591984965,2.14719353471152,1.00300410295461,1.01107533582345,1077.16418196942
2,500,"beta1_y",0.54468217856538,0.026695326372752,0.493767169115932,0.60054002630654,1.00209178253153,1.00386514464282,251.157282465504
2,500,"beta2_y",1.07378113357954,0.0549025614172744,0.966722090514665,1.18104796338607,1.00087639507681,1.00323416681566,1157.28712747307
2,500,"sd_b0",1.07667113037149,0.0498069309339889,0.982739656769285,1.17753775859853,1.00022498135352,1.00077873712597,8393.7499814771
2,500,"sd_b1",0.563100912367427,0.0193023702342075,0.52664337702864,0.602219416624172,1.00010844182698,1.0003371272794,20172.4559218534
2,500,"rho",0.182697075475331,0.0573458959085233,0.0696369669674253,0.292960581797598,1.0000735686937,1.00034124551379,10237.0021414374
2,500,"sigma_y",0.993457462863959,0.0127959761071371,0.968582161369863,1.01862888362962,0.99997659282981,1.00003196313762,17255.750575037
3,500,"beta0_y",2.02705809062941,0.0563577819351767,1.919542465156,2.13963638143881,1.00290264398486,1.0101901257207,1198.81710740017
3,500,"beta1_y",0.489992563494321,0.0289135002425378,0.433823662509293,0.548577962020056,1.00400739489756,1.01419452197041,214.434330497638
3,500,"beta2_y",1.08117134799271,0.0589691453906111,0.964795096220499,1.19697355385984,1.0021765477994,1.00619309231402,1214.97971658748
3,500,"sd_b0",0.989764767679864,0.0491728842919393,0.895878962209292,1.08842398187351,1.00106692814047,1.004041198992,5792.29862777998
3,500,"sd_b1",0.603873589657141,0.0205520500235407,0.565320562339294,0.645700365439565,1.00019621614723,1.00057502794125,18085.1324310735
3,500,"rho",0.423718366259633,0.0556320259169101,0.312509673848147,0.530133245837687,1.00120124524042,1.00442699837792,5658.83956905992
3,500,"sigma_y",0.991654147707949,0.0127718190364232,0.967028564714299,1.01722446064253,1.00016668064844,1.0005986846468,17277.2864756937
4,500,"beta0_y",1.88566287609481,0.056988772954264,1.77560299158211,1.99735890913615,1.00411650288175,1.0144859217129,1304.80625973132
4,500,"beta1_y",0.454330768959957,0.0300291034755759,0.395607169417289,0.513755384254557,1.011148562659,1.03209629201129,208.731887756812
4,500,"beta2_y",0.993473187010641,0.055342843599489,0.884042183113168,1.10109719241499,1.00227854268561,1.0077792840217,1236.30927522277
4,500,"sd_b0",1.00051080429136,0.0503013610268282,0.904046120759472,1.10225058918789,1.00033385671231,1.00100586911338,6655.26186677654
4,500,"sd_b1",0.634696118035831,0.0217259980758997,0.593746004524909,0.678600053614393,1.00010140267884,1.00029668008966,20510.0089320309
4,500,"rho",0.267887423458928,0.0586933351568436,0.150689653487342,0.381209577460039,1.00013219588057,1.00049061270134,7914.58209717109
4,500,"sigma_y",1.00658797283945,0.0129872450492777,0.981432461468097,1.03223520506456,1.00021497929827,1.00087501103107,15760.676611377
5,500,"beta0_y",2.05537790936675,0.0589696938565429,1.94031575450608,2.17089061668113,1.0048389677284,1.01756429019337,1105.4294125908
5,500,"beta1_y",0.52980703468156,0.0308831387826752,0.472481563704793,0.596107883380532,1.08619302572426,1.27327261268185,193.537642972502
5,500,"beta2_y",0.962843168020337,0.05694520525318,0.852079045792183,1.0744662978877,1.00087441836017,1.00213336825965,1172.3444130467
5,500,"sd_b0",1.04305287027138,0.0510550573011822,0.945897771970016,1.14773677411032,1.0002559805608,1.00106092523605,7078.11247937845
5,500,"sd_b1",0.629037083166897,0.0212347629129971,0.589045172877022,0.671976660813406,1.00013930900349,1.0001551707841,20162.0780932552
5,500,"rho",0.321639012237526,0.0557591051819374,0.21134110299131,0.42948036189361,1.00040350135049,1.00140483499299,8293.4691859399
5,500,"sigma_y",0.983113818500316,0.012632972233877,0.958839016558416,1.00834546611694,1.0001344589917,1.0002778012061,17272.6283184258
6,500,"beta0_y",2.00213212601654,0.05632847445488,1.8936426836503,2.11318139445221,1.00185072975791,1.00667829938672,1113.80367780099
6,500,"beta1_y",0.510515177478394,0.0280014202448905,0.455523063385302,0.566593856248255,1.00967425264714,1.03373608240925,222.830614839953
6,500,"beta2_y",0.929744863479957,0.0549950179416876,0.82116077518071,1.03757295977914,1.00267011636069,1.00776947118162,1115.67232771181
6,500,"sd_b0",1.02648117368923,0.0504753018310471,0.930882589476662,1.12764354774564,1.00030347323569,1.0012411217394,6503.58904726407
6,500,"sd_b1",0.617015255564183,0.0209936386086236,0.577553087788917,0.659837599387028,1.00001540018317,1.00011367333626,19238.1378648092
6,500,"rho",0.307211291161997,0.0578770538024406,0.191567418968325,0.418178860772693,1.00008974713392,1.00045171763007,7693.63517986595
6,500,"sigma_y",0.973123022385516,0.0125600288628981,0.948951279603965,0.99795732057134,0.999968713988445,1.00000249024002,17451.4180280687
7,500,"beta0_y",2.07955464043,0.0574024720215955,1.96617503774914,2.19072294153614,1.00162046743328,1.00604445072363,1209.63098207816
7,500,"beta1_y",0.481843487597775,0.0294225150450573,0.423203460111454,0.540102138047379,1.01424311417113,1.03387046125283,218.050691012362
7,500,"beta2_y",0.986729839817386,0.0590579258596129,0.872045804835555,1.10502580944124,1.00268189898734,1.00952833889118,1197.07034912506
7,500,"sd_b0",1.00061872587466,0.0504418515768626,0.903824464080442,1.10263639352644,1.00026874167704,1.00094510078772,6715.20860106419
7,500,"sd_b1",0.59378603049779,0.0203014493195526,0.55546193843791,0.634789174698576,1.00032924621816,1.00115209649112,20150.6723856142
7,500,"rho",0.287211756635323,0.0587058625249193,0.169674843701996,0.400576583155354,1.0003363671758,1.00106362474272,7517.40001825357
7,500,"sigma_y",1.01659997036194,0.0130264042856608,0.991573804540669,1.04239937243828,1.00009295808236,1.00015454356837,16808.2568244059
8,500,"beta0_y",1.93659196162998,0.0564383558391111,1.82443094980601,2.04463185275589,1.00124060799615,1.00366546479491,1207.77049764401
8,500,"beta1_y",0.516390321283395,0.029333840469338,0.456636739621573,0.573116924077218,1.01314599991033,1.04169420246468,216.515817302536
8,500,"beta2_y",0.911430448925672,0.0595054642301738,0.795216177415519,1.02914303133242,1.00087000180072,1.00143928092822,1286.76415636832
8,500,"sd_b0",0.991606395636633,0.049805866092102,0.896650825247788,1.09204647192779,1.0006191870976,1.00189484080589,6782.05063565274
8,500,"sd_b1",0.599977163863756,0.0205447437886469,0.561160664550016,0.641593595954297,1.00013930596933,1.00056894325089,19184.5326984535
8,500,"rho",0.278290786722835,0.0587705116565716,0.160734946062154,0.391640474212313,1.00016597693126,1.00049082354831,8163.88010508374
8,500,"sigma_y",0.999562500734939,0.012864636768675,0.974467639237044,1.02507498545569,1.00019401471944,1.00075176024371,17205.8907081629
9,500,"beta0_y",1.93199356788881,0.0572343573036761,1.82204088312152,2.04684342791368,1.00601788607816,1.02182311057127,1155.81825062497
9,500,"beta1_y",0.503853682504478,0.0275189734066858,0.44946567760653,0.556294682568778,1.03634362723218,1.12335323482067,236.033247309593
9,500,"beta2_y",1.08432794019626,0.0583438457504552,0.97082265958242,1.20064646320832,1.00114166909011,1.00427139103538,1211.47153796044
9,500,"sd_b0",0.991920891798632,0.0490629448446136,0.899289272409413,1.0910456179682,1.00075381794563,1.00283204447173,6155.38938108232
9,500,"sd_b1",0.597922472941071,0.0203254371979355,0.559524848013303,0.639416754114565,1.0000069882579,1.00012733030578,19973.6584648619
9,500,"rho",0.36373412422522,0.057711729202647,0.247876936818293,0.472716053998177,1.00059376412904,1.00185396448942,6850.80998775735
9,500,"sigma_y",0.991733965930506,0.0127444640853831,0.967104622336621,1.0169623915368,1.00049037308863,1.00167777103198,16868.5692523119
10,500,"beta0_y",1.99819845430608,0.0573990036306756,1.88476179061348,2.11314509623294,1.01219805521673,1.04364890092583,1149.1689339718
10,500,"beta1_y",0.529516777422263,0.0278526214782958,0.476695927646922,0.583627955953319,1.02054664569752,1.06900466002387,235.306992531939
10,500,"beta2_y",0.947892559425111,0.0586426591820372,0.83269570671086,1.06233074791594,1.00044243129748,1.00076317477724,1270.05303643079
10,500,"sd_b0",1.01280220226862,0.0495367862369844,0.918476716694134,1.11232622036313,1.0003451100783,1.00117624776856,6912.91824875233
10,500,"sd_b1",0.601642801970983,0.0205527017623371,0.56262472378268,0.643271065943021,1.00003812115016,1.00026965482012,19825.276101405
10,500,"rho",0.357836897770421,0.0576612776024266,0.242785991924988,0.467610224177245,1.00047453069316,1.00181668031107,6781.50789601849
10,500,"sigma_y",1.00312988932359,0.0128778525461002,0.978377504609663,1.02880661019267,1.0001117574377,1.00049350646158,16904.2944851661
11,500,"beta0_y",2.0327390952439,0.0499970526772662,1.93398980501185,2.13170565181015,1.00067535873545,1.00246178720058,1503.64683335545
11,500,"beta1_y",0.472298765283534,0.0283124062840796,0.413426668526319,0.529335767187528,1.00339270289217,1.00344812580867,204.253859984717
11,500,"beta2_y",0.970629497857958,0.0507231260124616,0.872263889852779,1.0737613825641,1.00257291988215,1.00763159766541,1376.47088949484
11,500,"sd_b0",0.860916268637721,0.0481201165797588,0.769198044626325,0.957863269625237,1.00020505496802,1.00046636778215,4658.16170097927
11,500,"sd_b1",0.623560941897597,0.0210805712989519,0.583675745629717,0.666107373379791,1.00003461008674,1.00025061226076,20863.4236337997
11,500,"rho",0.38986019541548,0.0599430754084865,0.269749585204041,0.505850221891647,1.00005431504316,1.00015635430355,5048.35497685117
11,500,"sigma_y",0.976384648925707,0.0126381879446496,0.952093850003167,1.00147666953349,1.00000659764362,1.00013446477875,14659.5962615649
12,500,"beta0_y",2.06529494613296,0.0587095512082226,1.94950149459571,2.17968636585666,1.00508602486476,1.01738753807136,1176.5502340951
12,500,"beta1_y",0.491615855592146,0.0271484313124001,0.438676687267002,0.545454911076298,1.01194878893194,1.03453235002281,251.140633120557
12,500,"beta2_y",1.04798739943252,0.0564489737241251,0.939497879493537,1.15835642748491,1.00076412460254,1.00272508465912,1234.97791128476
12,500,"sd_b0",1.04568610092777,0.0508457691877885,0.949401537314509,1.14989294250641,1.00130971802813,1.00493267492738,7042.50117992794
12,500,"sd_b1",0.580684121185799,0.0197596177584234,0.543455039114875,0.62062809681201,1.000189433735,1.00067338314642,19784.6858696232
12,500,"rho",0.319559298262017,0.057112029651775,0.206125445076729,0.428197469434105,1.00027680145771,1.00098302778094,7805.28467100486
12,500,"sigma_y",1.00617775178086,0.0129702231086211,0.980978437157497,1.03185466278091,1.00003755778007,1.00012942882221,15670.3571712532
13,500,"beta0_y",1.97584885200688,0.0563026788307119,1.86504633510434,2.08618341181958,1.00412143328347,1.01387201480366,1253.86509582979
13,500,"beta1_y",0.498287485238067,0.0276976810352156,0.443816637801568,0.553987212613939,1.00554217233927,1.02000481375865,238.046018294576
13,500,"beta2_y",1.12485557315623,0.0534637197632385,1.02012896412968,1.22921492748282,1.00042638871399,1.00074552927631,1297.48565655494
13,500,"sd_b0",0.964429268690172,0.0492907838984782,0.871724031640022,1.06410645794758,1.00007532125775,1.00029146629259,5790.0237022086
13,500,"sd_b1",0.586346698949023,0.0199273451849828,0.548812938943993,0.626547353045128,1.00019012716233,1.00078075943996,19185.7838639213
13,500,"rho",0.355824303311339,0.0579880089805765,0.239205103888319,0.466135790720901,1.00019044957803,1.00071846582527,5824.47383383065
13,500,"sigma_y",1.00265098732623,0.0128980603011146,0.977723243766073,1.02833696435702,1.00022908317176,1.00090774346385,16686.519048416
14,500,"beta0_y",1.94244071611228,0.0563483743864848,1.83209824015121,2.05453328936113,1.00148154893052,1.00532538437031,1334.81069856249
14,500,"beta1_y",0.484876618561948,0.0289532242341603,0.426370631009549,0.541251751957999,1.01688165851926,1.04948642320153,211.426807772787
14,500,"beta2_y",1.00456655354092,0.0560198327701492,0.895441231799519,1.11546986175092,1.00237695422884,1.00600724657746,1172.76478387777
14,500,"sd_b0",1.01046720264893,0.0507917727575331,0.914252771654497,1.11215249203965,1.00105046860551,1.003445518162,6767.70089933207
14,500,"sd_b1",0.632007252729968,0.0215119266572939,0.591706565947973,0.675923235133164,1.00019864992465,1.00059991384531,20454.9590862412
14,500,"rho",0.234191403024782,0.05950687580758,0.116880419806671,0.348981694104371,1.00004099583493,1.00024218648006,8403.09127371676
14,500,"sigma_y",1.00597382470209,0.0129248757104932,0.980897537784247,1.03158224631016,0.999998918552104,1.00008796915744,16327.8697094581
15,500,"beta0_y",1.9763886384127,0.0576833910318121,1.86596985201946,2.09043389178057,1.00473050284828,1.01661386399838,1190.96947917754
15,500,"beta1_y",0.499705417737559,0.0289369632191651,0.444174635164255,0.561389795079981,1.09427727502436,1.29090337872344,228.040770910656
15,500,"beta2_y",1.03630711248482,0.0606839258155896,0.916333789950683,1.15414555963865,1.00060354864484,1.00196774179562,1158.26710689744
15,500,"sd_b0",1.03900433433831,0.0500534595688357,0.944181000866133,1.13906992983254,1.00030673025371,1.00124621247632,7378.93113939985
15,500,"sd_b1",0.614443890879156,0.020700608512531,0.57546992703652,0.656163784726616,1.0000309935067,1.00021062785789,20421.6899230687
15,500,"rho",0.284523288744241,0.0563274293742865,0.172726230865502,0.393773571041916,1.00014409034236,1.00060885808646,8399.63818566208
15,500,"sigma_y",1.00385648756035,0.0129097994965932,0.978987648951463,1.02952257916004,1.00021873320182,1.0007017657262,16897.7547247447
16,500,"beta0_y",2.04112559707321,0.0498463657511335,1.94543275003656,2.13970323170953,1.00314355521007,1.01105068902763,1395.99960906041
16,500,"beta1_y",0.499765328517395,0.0269138912327235,0.448747794772908,0.5540730886619,1.00447390667813,1.01596258822789,243.746103587358
16,500,"beta2_y",0.96351108678072,0.0490419739020429,0.868151111777234,1.06082073751675,1.00205554894946,1.00764945086397,1486.56141715985
16,500,"sd_b0",0.862746679516421,0.047274841840873,0.771331606158621,0.958281129134798,1.00012378065966,1.00049559868475,4867.8201227377
16,500,"sd_b1",0.609852666040421,0.0207746186335006,0.570596863589775,0.651929186446371,1.00006481798809,1.0003160373035,19823.9780946729
16,500,"rho",0.363228047196471,0.0611926278227563,0.24235287687819,0.480086397015101,1.0000735070371,1.00033482522584,5421.71107312461
16,500,"sigma_y",0.989142958742201,0.0127162146333586,0.964961042589373,1.01478168456004,0.999987338757145,1.00007873982635,17876.3771419401
17,500,"beta0_y",2.02916157590576,0.0577986646442646,1.91531725765681,2.14118702863008,1.00082923216425,1.00295861476765,1187.91747937538
17,500,"beta1_y",0.540671060159325,0.027303218767044,0.484862984333109,0.592009188576901,1.00972017219346,1.03464956179963,247.656496446307
17,500,"beta2_y",0.932738369208785,0.0547079962164689,0.825095631725693,1.03909152839217,1.00142406850356,1.00510300030232,1214.18948088362
17,500,"sd_b0",1.0176452782269,0.0505200528009467,0.922391508582404,1.12021098188266,0.999985893062911,0.99999685413011,6917.15187439446
17,500,"sd_b1",0.588980686275189,0.020168348532605,0.550914499635778,0.629976491289517,1.00005859399253,1.00026548539365,19732.6083585337
17,500,"rho",0.228840328230292,0.0591485954041002,0.113086085798928,0.34285605021915,1.00007014389691,1.0002585381141,8651.7436510753
17,500,"sigma_y",1.00990535300961,0.012892393465461,0.985111056155431,1.03533500967031,1.00005852721875,1.00021421999216,16999.9906295133
18,500,"beta0_y",2.08512626529468,0.059096025800641,1.96741142810791,2.19863999168089,1.00213895591647,1.0070960491878,1120.20742402297
18,500,"beta1_y",0.521620097370174,0.030321759886262,0.460334518222761,0.580073256867206,1.01387610743409,1.04285726967042,199.027490112738
18,500,"beta2_y",1.02349106222701,0.0572303577290031,0.907492076722619,1.13327640337506,1.00131817325464,1.00438477403492,1171.47934913794
18,500,"sd_b0",1.06373780912282,0.0515589133400298,0.965200837767604,1.16658175738785,1.00022665847519,1.00082822917471,6939.24394769756
18,500,"sd_b1",0.61200263315667,0.0208111585934693,0.572767473403352,0.654332860628305,1.00010705973644,1.00047332340207,19964.2061309779
18,500,"rho",0.320771139313075,0.0561709390574005,0.208660252472971,0.428142915747696,1.00009764066971,1.00042583714704,8282.38188762932
18,500,"sigma_y",0.99515798160466,0.0127871848568063,0.970281232049026,1.02040582955389,1.00013248005908,1.00051727010645,17287.5069842827
19,500,"beta0_y",2.02396490590889,0.0589383112735288,1.90927941227719,2.14062202942468,1.00575346646768,1.02041293191081,1201.52882367566
19,500,"beta1_y",0.517217531759979,0.0260278346699584,0.4668162824196,0.568501204659609,1.00439755948472,1.01521913511083,273.082654574951
19,500,"beta2_y",0.957005446900443,0.0575408329373164,0.844520563450265,1.07000060700214,1.00049303674344,1.00112430237869,1297.2941814687
19,500,"sd_b0",1.03526294522626,0.0513928281061237,0.937850358431089,1.13839691460762,1.00017712446674,1.00054545938382,6778.83319701296
19,500,"sd_b1",0.570193176347898,0.0196452665193629,0.532886778263247,0.609797019702722,1.00001952623993,1.00014373107236,19357.7780102069
19,500,"rho",0.214176603974508,0.05908092685713,0.0971339291237361,0.327846775051905,1.00002231088374,1.00010458816889,8719.04869294119
19,500,"sigma_y",1.01995975326453,0.0131645925924086,0.994410633286685,1.04602011839959,1.00048395477925,1.00175627753183,17216.9005108855
20,500,"beta0_y",1.93835152111875,0.058595409921001,1.82248519829623,2.05379053453093,1.0014077288203,1.0051793938719,1063.89704487576
20,500,"beta1_y",0.493549247736297,0.0294698230636543,0.435298999281781,0.552128122234993,1.01151225323175,1.04024802784291,209.227798607443
20,500,"beta2_y",0.897700355382646,0.0608748011824519,0.780017352624197,1.01619187684959,1.00052526935204,1.00171128406385,1165.5077758206
20,500,"sd_b0",1.05819448167284,0.050278736259615,0.96349710573595,1.15988728719068,1.00057727500466,1.00174681643522,7094.95683349514
20,500,"sd_b1",0.63788063463908,0.0215657391491995,0.597159429136995,0.681812998157804,1.00002502569004,1.00013526134219,21117.0606481494
20,500,"rho",0.333358107860132,0.055871117338496,0.220761407864385,0.4407174993445,1.00038272052726,1.00151494645682,7963.74647670213
20,500,"sigma_y",0.993938221314409,0.0128219932090631,0.969153604602833,1.01938998698179,1.00007633692692,1.00033165540637,16846.8689094014
21,500,"beta0_y",2.00442289396279,0.056133543605867,1.8955736321487,2.11591849960389,1.00282527574102,1.01029627047022,1263.13678361043
21,500,"beta1_y",0.511033949442178,0.0287066360518052,0.452348158642658,0.567205662262821,1.02310123392509,1.07131871235886,213.729833420861
21,500,"beta2_y",1.03122893546955,0.0600767863737389,0.91439846334832,1.15087881063427,1.00420618192277,1.01494661137313,1200.10484472814
21,500,"sd_b0",1.02350330023644,0.0509827789656178,0.925751233403464,1.12661102917753,1.00123245681963,1.00464314054465,6303.20263128178
21,500,"sd_b1",0.625266486181799,0.0212719685549949,0.585349166990354,0.668469127751016,1.00003353932532,1.00023901022579,20835.6928830584
21,500,"rho",0.347978822300711,0.0570059837870994,0.234278328575005,0.45688289387164,1.0010481184261,1.00377924954952,7280.49776322231
21,500,"sigma_y",1.0056645413516,0.0129928605514602,0.980801707835194,1.03179023604875,1.00003493429222,1.00017607839061,17028.5856101699
22,500,"beta0_y",2.04095181882485,0.0555268525044889,1.93285731885647,2.14930137488445,1.00063203355718,1.0021880858014,1234.67596196986
22,500,"beta1_y",0.512365536440393,0.0259680749359428,0.459648107917384,0.562909328699121,1.005460648199,1.01867874357581,254.426671303069
22,500,"beta2_y",1.15330745973475,0.0564186188509017,1.04229135032769,1.26349288801966,1.00061839798582,1.00090800368462,1260.30234155325
22,500,"sd_b0",0.983272431354365,0.0484317856406282,0.891449427848325,1.08229972260739,1.00004177984328,1.00013362472687,6830.43233756401
22,500,"sd_b1",0.5911732988354,0.0200262774224723,0.553538283837063,0.632068375576638,0.999981869543921,1.00003681771602,19381.2351597882
22,500,"rho",0.307125937974516,0.0571348900867,0.192097865037105,0.416219337742805,1.00029768103999,1.00096963140491,8321.18379799179
22,500,"sigma_y",0.991105001752109,0.01272233174733,0.966366560943029,1.01635876508616,1.0000622283206,1.00012336554131,15553.5087580662
23,500,"beta0_y",1.95928287761821,0.0582313683680727,1.84517893211648,2.07388287630306,1.00410161265411,1.01481262303026,1228.68974535519
23,500,"beta1_y",0.513011508373491,0.0288318617960549,0.455206958203886,0.569486482269599,1.00316837461839,1.01151046836566,223.444467012745
23,500,"beta2_y",0.968970899645022,0.0561801370220956,0.8601662266235,1.07879826945272,1.00043269856668,1.00128828402927,1263.0615501324
23,500,"sd_b0",0.98764656131393,0.0509537096369886,0.891156881673418,1.08883502970296,1.00017624646718,1.0007499173334,5953.14831110207
23,500,"sd_b1",0.616472482254203,0.0209620469522356,0.576577884026809,0.659169919272457,1.00009867056731,1.00046429209011,20123.6236000303
23,500,"rho",0.294871714284026,0.0605326667920917,0.174997777041515,0.412725805533724,1.00021973254906,1.00028936622421,6458.77893054861
23,500,"sigma_y",1.01856232609378,0.0131524511867518,0.993024476073034,1.04474827717532,1.00007744573241,1.00040015585995,15468.8138954743
24,500,"beta0_y",1.97475231763111,0.0546009108583405,1.86553571441582,2.08243861261875,1.00280882759273,1.0103259731862,1415.14997786269
24,500,"beta1_y",0.511729114909102,0.0280094246152644,0.456835113478674,0.567010632562179,1.00903413992089,1.01867962282065,247.133954467128
24,500,"beta2_y",1.03856926654165,0.0559227692349576,0.928055325059497,1.14739672500903,1.0005394069401,1.00082024783444,1333.7180817219
24,500,"sd_b0",0.953857181356194,0.0509089700749728,0.857237459872893,1.05614272428736,1.00018819330483,1.00076641800556,5672.09962295404
24,500,"sd_b1",0.611427636484027,0.020942738923901,0.571780380066842,0.654000111370635,1.00021126091971,1.00060126107725,19046.1958547522
24,500,"rho",0.296484541732885,0.0601440520964908,0.176623713098295,0.413671535200333,1.0002771570225,1.00059946425712,7027.76404409089
24,500,"sigma_y",1.03194667040746,0.0132549423206631,1.00631751433356,1.05839236497727,1.0000129237147,1.00004776626533,15539.7595416053
25,500,"beta0_y",1.9487911686859,0.0547462835236538,1.84410525447012,2.05664960468031,1.00195436497386,1.0067063446014,1294.76797311452
25,500,"beta1_y",0.480381786584096,0.0270900572876892,0.426954129087134,0.535338304651649,1.01876615357396,1.06558470100212,245.248454362858
25,500,"beta2_y",0.996194910748106,0.0572044053733222,0.884163658248143,1.10922127900864,1.00322017687874,1.01050385081234,1284.62244897988
25,500,"sd_b0",0.969752424431099,0.048811127260912,0.875962877563275,1.06775956798478,1.00067569546771,1.00245616751108,5895.56265442591
25,500,"sd_b1",0.602359322524412,0.0204482115421407,0.563983865331257,0.643701141826949,1.00007965481143,1.00037397173702,19699.3070599075
25,500,"rho",0.352167898441242,0.0574948592870578,0.239476332921061,0.462789402401095,1.00007395757993,1.0001545947229,6774.52508362098
25,500,"sigma_y",1.00030186614441,0.0128593640847928,0.975413303238642,1.02573222874769,1.00011810813721,1.00037257221811,16685.2756986409
26,500,"beta0_y",1.93234299903987,0.0566526218156384,1.82155409221343,2.04294746817152,1.00319564544521,1.00872166596711,1151.77494256807
26,500,"beta1_y",0.499757381002036,0.0254015875928353,0.451324708187929,0.552145968093539,1.00602004131443,1.02171943144878,292.712565237489
26,500,"beta2_y",0.951385328499634,0.0558099654991001,0.842402332080936,1.06174386482286,1.00870759843366,1.02934321647917,1292.05592073662
26,500,"sd_b0",1.03200701704233,0.0512723550216734,0.933520661850534,1.13395382061628,1.00166032473485,1.00622827383864,6642.19286929697
26,500,"sd_b1",0.570734039849184,0.0197522651078485,0.533129234599503,0.610460781584921,1.00022197528228,1.00093401205472,18326.3293591203
26,500,"rho",0.315561488236263,0.0578744673451789,0.200434258036761,0.427563537279545,1.00111967761469,1.00421527485379,7601.43218985609
26,500,"sigma_y",1.0081622975743,0.0130344274547091,0.983003743816688,1.03420545009989,1.00010395829614,1.0004873404771,17046.5039229677
27,500,"beta0_y",1.94323990403069,0.0542487286110521,1.83796572331196,2.05289106995876,1.00017786407421,1.00072706538152,1326.3937616678
27,500,"beta1_y",0.518899699436155,0.0274303838418244,0.466537808716988,0.573503078307056,1.02440743212258,1.08520030646279,242.258803666335
27,500,"beta2_y",1.04664575787205,0.0511537952824155,0.946250040665393,1.14815108704053,1.00120974460766,1.00444840151997,1410.07872443299
27,500,"sd_b0",0.935849600150178,0.0491427369773798,0.841962865926249,1.03514796768933,1.0007266385676,1.00269269481216,6195.91974150391
27,500,"sd_b1",0.600881900523854,0.0203844956186547,0.562307559798934,0.642139636355235,1.00013050092911,1.00043104764486,18957.1353542024
27,500,"rho",0.262319870087182,0.0603506778885082,0.142384067668365,0.379420082890811,1.00046111775774,1.00176184777495,7790.53744519563
27,500,"sigma_y",1.00355567788061,0.0129316331349406,0.978534689135135,1.02933396132364,1.00000955539972,1.00002859870435,16223.222292322
28,500,"beta0_y",1.93614534326397,0.0534502423532438,1.82995440149272,2.03896455101564,1.00119736646375,1.00425320228803,1400.28900236444
28,500,"beta1_y",0.475671797896368,0.0283230477817757,0.419732299757875,0.528919409850396,1.00371581162346,1.00694693725275,233.042067967822
28,500,"beta2_y",0.988377345200945,0.0523418121444125,0.885737189510406,1.09160345163059,1.00193208958741,1.00690126040385,1427.60753924429
28,500,"sd_b0",0.916385864374112,0.0500277891865119,0.820473315952709,1.01679601729461,1.0002440942632,1.00080807496779,5071.23303846235
28,500,"sd_b1",0.615542729382553,0.021139521891148,0.575569479302761,0.658264542603592,0.999981837616478,0.999984749151895,18776.6974353438
28,500,"rho",0.302474326757226,0.0614563231020595,0.180372534083845,0.422057796369846,1.00044669560667,1.00162643537875,6480.54558984228
28,500,"sigma_y",1.00923108211854,0.0129636328051479,0.984306316694205,1.03493241419496,1.000000182049,1.00000961548678,16181.3197047524
29,500,"beta0_y",2.02636924090505,0.0548254852254726,1.91868199425633,2.13411286856761,1.00426230448331,1.01556015664383,1400.11419448175
29,500,"beta1_y",0.547318420169528,0.0290225206939538,0.489075433686212,0.606785531411584,1.01076440976917,1.03064030730867,230.050029646256
29,500,"beta2_y",1.0437139456876,0.0573261140409482,0.931034961389616,1.15671162380845,1.00374905129235,1.01251201513802,1302.05047728493
29,500,"sd_b0",0.936933054695237,0.0493748553687579,0.843404179715784,1.03540333871665,1.00003042211671,1.00019871464598,5713.23494821702
29,500,"sd_b1",0.62053437770033,0.0211654738856672,0.580402232676951,0.663142737100804,1.00002829553696,1.00023515149556,19794.5319322622
29,500,"rho",0.263096740539528,0.0611690000614435,0.142313369233677,0.382138963166827,1.00001363596886,1.00012865016398,7059.42084355599
29,500,"sigma_y",1.02485674484958,0.0131596998515717,0.999610218405804,1.05075489525829,1.00045543664246,1.00131949359133,16609.2643771411
30,500,"beta0_y",1.94749267006888,0.0547660221391657,1.83991598353032,2.05492484470554,1.00103881061459,1.00347326682017,1327.87239344552
30,500,"beta1_y",0.48210102123435,0.0272277624755276,0.426723094288246,0.537071711364267,1.00293371481649,1.01085607830631,237.749888462949
30,500,"beta2_y",0.952352806288822,0.0536009532580718,0.848415345629055,1.05734526544561,1.00066870626147,1.00216316592195,1327.11202708823
30,500,"sd_b0",0.954459751853426,0.0500056737780573,0.859043911028428,1.0541327761653,1.0009441269123,1.00347495632829,5851.83902022013
30,500,"sd_b1",0.571001233814718,0.0197602448996572,0.53404891278223,0.611385953932782,1.00005964465579,1.00026165831081,18251.1102093242
30,500,"rho",0.292207602099208,0.0599986882009059,0.172861947600796,0.4085573154415,1.00156889161764,1.00578189327799,6971.87689300147
30,500,"sigma_y",1.00629948455822,0.0130207715043244,0.981263248522363,1.03201026970387,1.00025302235496,1.00101324514745,15701.8494078384
31,500,"beta0_y",1.97540697357007,0.053900837006051,1.87014580702444,2.0815480432426,1.00213068828387,1.00711080191334,1334.49706266511
31,500,"beta1_y",0.490747253505626,0.028271244980938,0.434548907305787,0.545497680065567,1.0156247016471,1.04863922923729,222.632131543147
31,500,"beta2_y",1.03263270632247,0.0580641936227307,0.918054278395717,1.14545317546286,1.00026501490581,1.00103579363074,1264.38252071987
31,500,"sd_b0",0.955737447338422,0.0494161012987374,0.862023836416737,1.05533361671106,1.0004433107585,1.00174391057169,6026.68550987717
31,500,"sd_b1",0.596143346986369,0.020351607250247,0.557821026242669,0.637514751388248,1.00056667269334,1.00218752779168,19919.7342182301
31,500,"rho",0.301937625062574,0.0594287085784295,0.184923401966248,0.416636417186994,1.00124118816928,1.00454863487305,7278.26399993328
31,500,"sigma_y",0.99093739551643,0.0128519896247399,0.966450568208272,1.01677458489246,1.00010869047986,1.00052741098575,16995.0146171391
32,500,"beta0_y",2.01660550578775,0.0558195455045303,1.90965189239078,2.12687735442394,1.0015119571882,1.00544290548247,1228.11142349839
32,500,"beta1_y",0.485433779938155,0.0282131777830495,0.431498108313166,0.542763479826031,1.01769561725729,1.03319312169473,219.21987502665
32,500,"beta2_y",1.04222283843043,0.0538300991564345,0.93636554691145,1.14871756231173,1.00212316251467,1.00763841970241,1244.44872668364
32,500,"sd_b0",0.985212192956254,0.0500518249885992,0.889333892018752,1.08567695581282,1.00013645074496,1.00056706995147,6710.45219957087
32,500,"sd_b1",0.602537251145852,0.0205936793422661,0.563692190302556,0.644639087886226,1.0001950476524,1.00055801801858,19957.6332059284
32,500,"rho",0.225203891375828,0.0586332757024405,0.108475884955002,0.338413860939286,1.00015638654866,1.00053337870375,8896.93156855257
32,500,"sigma_y",0.996193041315999,0.0127817793363398,0.97138479333357,1.02133108313281,1.00005098329473,1.00018998727434,16033.5680325324
33,500,"beta0_y",2.00382515027713,0.0560511173200436,1.89322386692628,2.11297810675244,1.00033362196859,1.00033624550902,1228.7565990501
33,500,"beta1_y",0.556193455266697,0.0278253908633389,0.501318607814384,0.611204689890133,1.00570736341535,1.01760555085251,223.770928613396
33,500,"beta2_y",0.988115942576665,0.0543249605550447,0.882443257968405,1.09533676184962,1.00077306531262,1.00083841969418,1289.99928907111
33,500,"sd_b0",0.970948519202985,0.0496914427448746,0.875086415974508,1.07057281260409,1.00060497175039,1.00212541569588,6072.98553363901
33,500,"sd_b1",0.603338606323892,0.0206523113484314,0.564363530499634,0.645354466450332,0.999999334631599,1.00004429256504,19857.5348794051
33,500,"rho",0.354342689367213,0.0578623102681677,0.239384746622103,0.466183082404117,1.00027655302466,1.00106980282459,6666.08131774844
33,500,"sigma_y",0.986439783535594,0.0127477896444183,0.961802461967631,1.01170893044746,1.00048239386399,1.00189153741393,16481.4763879796
34,500,"beta0_y",2.07025808920631,0.0553666502737387,1.96053225736286,2.17920007780091,1.00453171572859,1.01663677737385,1173.71993849434
34,500,"beta1_y",0.472844452286677,0.0262499980007155,0.423035729029017,0.525224623037027,1.00345922135798,1.00992737991967,240.140599734951
34,500,"beta2_y",1.06448445729914,0.0596223363112819,0.946650211929784,1.17935102619182,1.00235217523092,1.00704972054237,1099.67156639006
34,500,"sd_b0",1.03601076397237,0.0486570625265843,0.944039250657367,1.13446059505454,1.00027451824823,1.00110507151583,8150.57745150494
34,500,"sd_b1",0.606869946660676,0.0204376013196538,0.568461338514366,0.648641978867816,1.00009515684674,1.00031854044595,20039.012358188
34,500,"rho",0.30034257006788,0.0552743914526255,0.190454891900331,0.406764719855057,1.00010969330791,1.00036262690147,9220.50590506616
34,500,"sigma_y",0.959490711810664,0.0122004075574848,0.93570566921103,0.983584809312408,1.000144825168,1.00048135053873,17610.8102993505
35,500,"beta0_y",1.92488599286078,0.0542895887744274,1.82043371088304,2.03268709486859,1.0018877388275,1.00705567217415,1401.03228686841
35,500,"beta1_y",0.48765772904473,0.0277620009907048,0.433592513273301,0.542927467880885,1.0021691440609,1.00755042695937,248.494774245812
35,500,"beta2_y",0.892353143030932,0.0547396552695135,0.783558248460094,0.999421882428017,1.00149084249657,1.00443630605664,1503.64857127783
35,500,"sd_b0",0.950162256540495,0.0501496952887553,0.85504413542541,1.05017913677808,0.999995400035041,1.00011670350892,5196.88550810512
35,500,"sd_b1",0.613153157936105,0.0208396181547612,0.573646007229519,0.655332806730984,1.00020548351923,1.0008005831963,18510.3164587103
35,500,"rho",0.287748065509673,0.0605389657508137,0.167547095002578,0.404741839179646,1.00014590640204,1.0003733664266,6984.75701629363
35,500,"sigma_y",1.03183919186563,0.0132549252682539,1.00611352560744,1.05815896842814,1.00014274877639,1.00044597762862,16222.4469872183
36,500,"beta0_y",2.03419623993178,0.0547724691124091,1.92747447810906,2.1416951454301,1.00287798973645,1.00819312562027,1215.2496043659
36,500,"beta1_y",0.503650715121021,0.0291771006843796,0.450427952744774,0.563860862564892,1.00512876159667,1.00578883420064,210.865590079309
36,500,"beta2_y",0.906297837919808,0.0561432112108514,0.795246744709417,1.01611192623749,1.00056216474865,1.00147479516087,1296.36156569267
36,500,"sd_b0",0.968633114421156,0.049503011515023,0.872832977115572,1.06732004638157,1.00173916160822,1.00632077020769,6474.03426282041
36,500,"sd_b1",0.629900442525035,0.0213881648963567,0.58920731862607,0.673780363572152,1.00009705801125,1.00048601217452,20428.372633246
36,500,"rho",0.213266859260977,0.060887127975193,0.0925758308707979,0.33115147152264,1.00037422503437,1.00147317407752,7720.49562356677
36,500,"sigma_y",0.986749135028117,0.0127207065790591,0.961997654593215,1.01198145626375,1.00001915437168,1.00017990671205,17103.5812931778
37,500,"beta0_y",1.9774908417029,0.0594421034165025,1.86222438058103,2.09783794694174,1.003019469663,1.01108509693033,1110.89678210866
37,500,"beta1_y",0.547828530996177,0.0261918080928111,0.498407525819058,0.599745610695929,1.0341703796347,1.11602030474689,274.840429341574
37,500,"beta2_y",0.995061275281943,0.0597899708661085,0.876499517316917,1.11245688311499,1.00398647735247,1.01435848758284,1089.07537542575
37,500,"sd_b0",1.08978047179022,0.0510276955286525,0.991585934092764,1.19179130950208,1.00005743154756,1.00009594529158,7186.79993191781
37,500,"sd_b1",0.563916323244408,0.0192936186327986,0.527812756826987,0.603057839598038,1.00003544171345,1.00019917069421,19446.0615244757
37,500,"rho",0.366369771905853,0.055024476724691,0.256118423421562,0.471938967117007,1.00016648804231,1.00021400253443,7352.34396484982
37,500,"sigma_y",1.01014265203988,0.0130054555531208,0.984984593291748,1.03601038207158,1.00000058069501,1.00008186991544,16936.0941217483
38,500,"beta0_y",2.02232095939723,0.0534062309945257,1.91700714200069,2.12449243419647,1.00432468394454,1.01590638611378,1349.18095277427
38,500,"beta1_y",0.536770895391528,0.0275045304175574,0.480739853032185,0.588534629677664,1.05391278814754,1.17428648261111,253.818533457076
38,500,"beta2_y",0.995969337791093,0.0539836859831748,0.889241488810058,1.10284683198082,1.00138206939864,1.00357510951456,1398.03989407889
38,500,"sd_b0",0.923042674886943,0.048659908128253,0.829034291305091,1.02018974970366,1.00120503819872,1.0045528402917,5622.48327267456
38,500,"sd_b1",0.591008320165417,0.0202912106170237,0.552897460329448,0.632322287789027,1.0001973488395,1.00073200794151,18486.0114307902
38,500,"rho",0.379414339404924,0.060479512937305,0.258141684692331,0.495156536099669,1.00141594028245,1.00530585624676,5563.18444326022
38,500,"sigma_y",1.00394343913187,0.0128519666495641,0.979218537652144,1.02933090655409,1.00027790109489,1.00101663748507,15493.9933978606
39,500,"beta0_y",2.0153617250762,0.0543829558960188,1.90796253942159,2.12064905960453,1.00655979558466,1.02378632190049,1372.01093727272
39,500,"beta1_y",0.475540154399043,0.0284831406703625,0.417356935846519,0.53207689666371,1.00226919391251,1.00260123162206,223.387244935354
39,500,"beta2_y",0.875297416446413,0.0541813614772841,0.768351072850398,0.981694814768224,1.00153435803868,1.00496168551318,1443.57545815605
39,500,"sd_b0",0.937270159780583,0.0502973088458734,0.840859366634988,1.03824083569476,1.00012287389801,1.00055034507648,5470.75996268224
39,500,"sd_b1",0.596101062939915,0.0205543815120653,0.557664514045789,0.637694006161611,1.00008624453669,1.00043910178443,18509.6516550259
39,500,"rho",0.318652858792304,0.0615297471959661,0.196312887159089,0.438469664290974,1.00002487110408,1.00010055560093,6484.69320705453
39,500,"sigma_y",1.01392488772005,0.0130049457039996,0.989037068659806,1.03983422984298,1.00048831952854,1.00177193483733,16303.2823217597
40,500,"beta0_y",2.04410710724645,0.0535913605794942,1.93940001763779,2.14864191926387,1.00787552545292,1.0281717154476,1350.05137273506
40,500,"beta1_y",0.531556186117442,0.0282045814102729,0.474853324739327,0.587839680750404,1.02383128173148,1.08206495109931,225.812886948815
40,500,"beta2_y",0.937946978622467,0.0537853261088161,0.83268335568459,1.04267242453664,1.00024014480323,1.00036768583441,1347.42721778249
40,500,"sd_b0",0.917505839027939,0.0484787733705632,0.824353580954063,1.0141102725965,1.00026685790798,1.00068498905854,5370.55636199603
40,500,"sd_b1",0.588074606579055,0.0202289361245079,0.549904557701561,0.629259928063135,1.00020111997493,1.00032610781474,18481.1485182469
40,500,"rho",0.386127110055768,0.0595064010286533,0.267116044849296,0.499212418488881,1.00080762046829,1.00229094705585,5732.01314891882
40,500,"sigma_y",1.00115652418018,0.0129756073639412,0.976343085311871,1.02704649160858,1.00007333829556,1.00035607927367,15308.4541732016
41,500,"beta0_y",1.91956192624234,0.0572707212200009,1.80788000666579,2.03431290772993,1.0017362737901,1.00557128277529,1213.31607169483
41,500,"beta1_y",0.460214052035245,0.0301069636919895,0.401263523579821,0.517605332793606,1.0122239397691,1.04130062122729,204.378247667943
41,500,"beta2_y",1.05218372053513,0.0584248420221522,0.940076275880698,1.16868161622297,1.0010755421807,1.00402431063024,1188.92590741394
41,500,"sd_b0",1.0307028311645,0.0504563224440639,0.935248397477055,1.13353759628042,1.00074411797493,1.00286112733209,7148.55702376091
41,500,"sd_b1",0.622376516244463,0.0212187760791378,0.582473990923678,0.665306055568068,1.00005345222086,1.00024836044218,19277.3271709227
41,500,"rho",0.293278239709291,0.0586136406577683,0.178178409783636,0.407188873435741,1.00028389420761,1.00103781860863,7755.2955513313
41,500,"sigma_y",1.01412200169357,0.0131470648686304,0.988974634193231,1.04042018867024,1.00004566588401,1.00027697388689,17562.814933865
42,500,"beta0_y",1.97517589118326,0.056159135058342,1.86551687242529,2.08696610063881,1.00176802675733,1.00620684102188,1204.45160283012
42,500,"beta1_y",0.518022157641476,0.0304714059017901,0.460441600503046,0.58102901416111,1.02053136128948,1.04184621934903,201.150662889562
42,500,"beta2_y",1.02914382567258,0.0520101001631266,0.928069293582531,1.13103750299688,1.00037278144402,1.00148330624158,1304.06820082494
42,500,"sd_b0",0.994786028259951,0.0499414370063311,0.899707667491623,1.09534701150071,1.00039871313438,1.00143714561573,6625.42216808154
42,500,"sd_b1",0.639223392441747,0.0217946806189221,0.598231152428353,0.6834988935035,1.00009084065286,1.00038710738729,20530.3474531904
42,500,"rho",0.283430311733303,0.0573751657519349,0.169733472364543,0.394806999715307,1.00002693035109,1.00004319995281,8460.85902531834
42,500,"sigma_y",0.998618291552844,0.0128540213597872,0.973783364940546,1.0240646375281,1.00007498878606,1.00029870350237,16570.9275691097
43,500,"beta0_y",1.97465358665566,0.0537942880012619,1.86911650131587,2.08076674313136,1.00163112542062,1.0048425081013,1410.30069975547
43,500,"beta1_y",0.535935959347574,0.0295695685996505,0.477942063299521,0.594147089078205,1.01043121078499,1.03209354627605,209.698981976696
43,500,"beta2_y",0.994696919364041,0.0527556532775742,0.892682139892833,1.0965530522545,1.00054138609743,1.00073584974197,1384.50810693796
43,500,"sd_b0",0.944587794269141,0.0487807169673549,0.851623476492596,1.04362737637961,1.00030981348804,1.00108636545877,5861.96960276884
43,500,"sd_b1",0.638011024549583,0.0215986506487554,0.597418728355437,0.682048825067882,1.00001541676401,1.00016755205325,19725.4020935268
43,500,"rho",0.360547427571554,0.0581277245209384,0.2441535509995,0.471909522538651,1.00021453210577,1.00071195767804,6807.89701830829
43,500,"sigma_y",1.01500403645696,0.0130510883618392,0.98986488954643,1.04077122984125,1.00000040967562,1.000090629352,17645.1441166757
44,500,"beta0_y",2.18653400448446,0.0547325994910172,2.07582046387926,2.29126535765666,1.00366826932624,1.01295117254143,1292.79463854269
44,500,"beta1_y",0.541202163260833,0.028030946836511,0.48786618019282,0.597288214089893,1.00914974512403,1.01943323784163,225.827066370916
44,500,"beta2_y",1.08209387506047,0.0565295067019709,0.972317574014382,1.19313163754096,1.00095595771468,1.00361307470845,1238.17126209745
44,500,"sd_b0",0.958781138693123,0.0500491759395237,0.863925665740412,1.0594146984303,1.00120847376717,1.00434833694176,6130.7907758449
44,500,"sd_b1",0.596309000046153,0.0203809868913856,0.558157833272992,0.637612238723033,1.00016592070194,1.00068903088512,18704.339256247
44,500,"rho",0.223492796098782,0.0602321158708137,0.105934021429429,0.339991520666296,1.00059504213519,1.00230846231935,8034.52504620511
44,500,"sigma_y",0.989247171503905,0.0127464765405141,0.9644794702521,1.01461561886981,1.00034535305665,1.00117776909635,17169.2383146595
45,500,"beta0_y",1.99283277217283,0.0590566739835216,1.87709185605471,2.11043642529139,1.00314047679943,1.01087803121737,1113.40656792674
45,500,"beta1_y",0.494077356604372,0.0296159389413359,0.438576843181176,0.553234286208427,1.01323460646691,1.0318005996207,206.182752239896
45,500,"beta2_y",0.862541462916562,0.055525998869658,0.75276154965872,0.975169242205594,1.00459625737777,1.01662680285461,1090.9272483566
45,500,"sd_b0",1.09982501313428,0.0502845695684383,1.00350631235434,1.20117250548572,1.00014629376215,1.00064197386626,8482.56983112352
45,500,"sd_b1",0.617608302784059,0.0209114441075537,0.577925398207049,0.660017313618769,1.00039305539858,1.00117102111657,19973.1886996315
45,500,"rho",0.233836793003821,0.0563558852088287,0.12301401722033,0.343609893251057,1.00013365282531,1.00043217005787,9246.01967849625
45,500,"sigma_y",0.993164672498803,0.012790503819479,0.968380718445534,1.01860575599405,1.00010048994006,1.00044889044787,17944.2759802853
46,500,"beta0_y",2.01210409419772,0.0572195295462934,1.90068692210213,2.12611772036182,1.00231321191941,1.00727039398687,1091.25988391383
46,500,"beta1_y",0.473648135165453,0.0267641883781471,0.422173138309829,0.527686390074036,1.01475302841318,1.03839804472253,240.787017137954
46,500,"beta2_y",1.01330818175522,0.0613408000154296,0.892425868885918,1.13132708234224,1.00150432141901,1.00438707936917,1107.35544224746
46,500,"sd_b0",1.04094114374697,0.0501396600939903,0.945066855205765,1.14174475628171,1.00067827959244,1.00215166189571,7362.34384259658
46,500,"sd_b1",0.586644525684627,0.0200859077875766,0.548941248248216,0.627983758817462,1.0000701115567,1.00037087652669,20628.3965452975
46,500,"rho",0.319566597490412,0.0552582450086172,0.20963246254408,0.42597538173649,1.00088648886643,1.00334307663572,8705.62664145674
46,500,"sigma_y",0.974093218562523,0.0125449128591736,0.949910096320895,0.999129167822252,1.0000552461646,1.00029282281093,17261.6893131328
47,500,"beta0_y",2.01821542858253,0.0594167112001789,1.90252374409835,2.13721425243315,1.00238391161144,1.00848424303545,1083.94591713784
47,500,"beta1_y",0.476266124624727,0.0277613723430724,0.42292548301571,0.530940690189165,1.03862837425827,1.13099161239976,230.774798618747
47,500,"beta2_y",1.03996856594164,0.0597799646870178,0.923286291129938,1.15738572880261,1.00244636162717,1.00867856834189,1122.8420396691
47,500,"sd_b0",1.06552550444157,0.0523395700751801,0.96589337395017,1.17069986527852,1.00003555896674,1.00004435647714,6737.85510035379
47,500,"sd_b1",0.596452874365161,0.0202644846049096,0.558560274087971,0.637669669866517,1.00012233772858,1.00058414301347,20170.9096811556
47,500,"rho",0.316659602656807,0.0571482552901833,0.204104670893814,0.427276510914785,1.0000769115756,1.00019316690623,7626.09035083032
47,500,"sigma_y",0.999835698208305,0.0128867946218645,0.974956862755161,1.02565612330884,1.00000089768597,1.00009249717024,16600.8856539109
48,500,"beta0_y",2.01746597409761,0.0527246876566342,1.91412937213347,2.11981153348555,1.00280866821948,1.01038877177284,1345.96429735661
48,500,"beta1_y",0.505550629077422,0.0303834247770292,0.444409118502619,0.564516964501066,1.0518100097565,1.16808428094982,208.580106665013
48,500,"beta2_y",1.04652570832508,0.0574793881125223,0.935064854121087,1.16029530876246,1.00073137175503,1.00166946721322,1344.54804872627
48,500,"sd_b0",0.917852039984369,0.0480396674365244,0.826523343995831,1.01440553624312,1.00084069960883,1.00273198405938,5525.33297667816
48,500,"sd_b1",0.626779987424328,0.0212011422905704,0.586941182528724,0.669763828187599,1.00024393962315,1.00098499119245,20116.7794976675
48,500,"rho",0.269264053068287,0.0598512532492837,0.150262105828887,0.384282968683962,1.00094651818566,1.00356271198027,7331.87756517595
48,500,"sigma_y",0.987413418223463,0.0125794666609165,0.963174986085893,1.01250464495453,1.00006990648741,1.00035819166732,17120.5122459639
49,500,"beta0_y",2.05060047464632,0.0577466347289841,1.93798576801193,2.16317473254907,1.00551507865465,1.01971516594313,1193.31171825493
49,500,"beta1_y",0.453233362551342,0.0257771622177747,0.400561334772953,0.503464516764928,1.00410055264613,1.00446627668149,268.384032999648
49,500,"beta2_y",1.07900650148025,0.0528900197165204,0.975052258896675,1.18361459260116,1.00308771455084,1.01131420576709,1265.65523312951
49,500,"sd_b0",1.03691319885912,0.0502736882235076,0.940628350523438,1.13705811143736,1.00020099643818,1.00068356613201,6900.66105348622
49,500,"sd_b1",0.552140472259731,0.0192111535949918,0.516007791926621,0.590977647583225,1.00018946676091,1.00077921806707,17546.919155556
49,500,"rho",0.270042461888901,0.0602707257789525,0.149279885877417,0.386630853677346,1.00030311009973,1.00117707241448,7471.4570487602
49,500,"sigma_y",1.00981343305439,0.0130126659017696,0.98512896471729,1.0358810864906,1.00008368775309,1.00017898096426,16780.685602974
50,500,"beta0_y",2.08237450111062,0.0580499256515218,1.96833302521942,2.19520352258923,1.00969057626487,1.03457200453776,1168.22382003195
50,500,"beta1_y",0.548550521755635,0.0286624422468603,0.492592524429376,0.604743586499015,1.01568074660463,1.05576418633794,224.790819610287
50,500,"beta2_y",1.03477034623776,0.0568071219801332,0.923709303583194,1.14755184851984,1.00090001518266,1.00281313546057,1187.89599754285
50,500,"sd_b0",1.03403696355012,0.0505018001395003,0.937357349806298,1.13522483438125,1.00006496296428,1.00021863457718,6153.30461102754
50,500,"sd_b1",0.590902515572147,0.0203052549770856,0.552947838076859,0.632483136958886,1.00023773831085,1.00064255943461,19094.3209091631
50,500,"rho",0.380946390115187,0.0562634587678534,0.267350487283929,0.488658152690489,1.00014932941758,1.00026788118984,6928.14131203727
50,500,"sigma_y",1.00446882320854,0.0130623991418851,0.97943071905915,1.03044226817024,1.00009826203423,1.00042577670886,15844.8388819851
51,500,"beta0_y",2.00583316700263,0.0588247009624182,1.89134638815909,2.12367639310079,1.00291968034801,1.00946215012469,1100.52583468225
51,500,"beta1_y",0.492788633882764,0.0298059998165771,0.434112606405292,0.550444014798066,1.00196493188553,1.00664181806186,196.014866705243
51,500,"beta2_y",1.08009028636577,0.0591789062316763,0.964947856992312,1.19691799645211,1.00365175803316,1.0124405909537,1106.07766040334
51,500,"sd_b0",1.05597868014069,0.0493312753800673,0.963081155384572,1.15579449193589,1.00024983505991,1.00089074427814,8059.57688255411
51,500,"sd_b1",0.619749053300393,0.0210368097226282,0.580186798057967,0.66279892648193,1.00012221028457,1.00048799680632,20042.7101178389
51,500,"rho",0.306441186229831,0.0561228406514396,0.195612513516886,0.41361528678656,1.00061575114656,1.00239400516406,8656.50426182934
51,500,"sigma_y",0.991730627940264,0.0128081310804925,0.966937594733783,1.01740338358915,1.0003850401453,1.00131808620008,17132.7305627815
52,500,"beta0_y",2.01042973421833,0.0555886477116977,1.90246302527731,2.12129136206825,1.00367881635756,1.01314190031651,1289.23792453962
52,500,"beta1_y",0.482026128337212,0.0289477558437172,0.429683997966172,0.542821934590061,1.01213660046284,1.02733075617512,227.302514343396
52,500,"beta2_y",1.07939597644007,0.0558775533202054,0.96822243918618,1.18902811056142,1.00202258213735,1.00718098640146,1328.88542249793
52,500,"sd_b0",0.982148094422999,0.0498583396515541,0.8865486868845,1.08278742314957,1.00032775407643,1.00131786896412,6611.95993570412
52,500,"sd_b1",0.57058704494904,0.0196718619978855,0.533202154416547,0.610527281424812,1.00006601941304,1.00007308052854,19764.492429922
52,500,"rho",0.25094731841719,0.0588686692275898,0.133930418671771,0.365486674285249,1.00014789878903,1.00041009148199,8252.09122870797
52,500,"sigma_y",1.01298032481749,0.0130039655916271,0.987775210252197,1.03898051173359,1.00001863702934,1.00013734053353,16792.3145208435
53,500,"beta0_y",2.07795959525611,0.0524161273252941,1.9752133805914,2.18059786486856,1.00093833973873,1.00297037649939,1462.19066474076
53,500,"beta1_y",0.550940716451652,0.0274445182219599,0.500111098141015,0.60633714454051,1.06280678514683,1.20059303304735,260.226753437661
53,500,"beta2_y",1.02236674461879,0.0547254818027605,0.915213395226661,1.1280553436465,1.0032925814173,1.01154953987653,1343.73331354082
53,500,"sd_b0",0.937513994335042,0.0485343393410928,0.84459581170364,1.03464771556684,1.00033951693313,1.00130504607879,5592.9571573683
53,500,"sd_b1",0.601409494049133,0.0205308595727689,0.562451356635303,0.642941200035113,1.00024727197198,1.00096946591301,18746.0954714783
53,500,"rho",0.37552482073585,0.0587020700425051,0.257724725397665,0.488347829521424,0.999979459767515,1.00003227507013,5996.27742738178
53,500,"sigma_y",1.00472249797551,0.0129866051866297,0.979751225380895,1.0307915161209,1.0000636555635,1.00023574164778,16426.3920990109
54,500,"beta0_y",2.01776318958021,0.0605222072543707,1.89519084110734,2.13274237175753,1.00456255063781,1.01596626253025,1019.46056670323
54,500,"beta1_y",0.479383284432194,0.0279492580045968,0.427124117794476,0.534004817631114,1.00856898804917,1.01178023036941,224.932739625937
54,500,"beta2_y",0.873674768744199,0.0605798659698723,0.753472197666228,0.993588472889735,1.0034667148334,1.00924584288156,1014.35171066071
54,500,"sd_b0",1.11521234040524,0.0508521106372869,1.01847668359913,1.21773002224194,1.00021801767414,1.00087324368862,8415.65772821272
54,500,"sd_b1",0.617293064299471,0.0208833975014568,0.578083701436973,0.659438522254615,1.00030912652492,1.00126670068441,20831.6608880641
54,500,"rho",0.328593777001508,0.0540865617322002,0.221329111510006,0.432525481223171,1.00025397918476,1.00070072809077,9336.31292514973
54,500,"sigma_y",0.977210182998827,0.0126637004835003,0.95261425879059,1.00230247621615,1.00005239938295,1.0001046036059,17630.7937716451
55,500,"beta0_y",1.96717540590282,0.0568130928404175,1.85639053796827,2.07957749354917,1.00070270195116,1.0018381682899,1236.82760703391
55,500,"beta1_y",0.510164403598807,0.0281256147193895,0.455614961829867,0.564751537879625,1.00869453882099,1.02213820347353,226.75228006413
55,500,"beta2_y",1.08616550428508,0.0566923265065875,0.974832820165103,1.19750137927297,1.00004731973458,1.00010512899217,1310.34973622726
55,500,"sd_b0",0.973929128727719,0.0523132166568305,0.873559613014011,1.07957972671285,1.00004102626171,1.00022518316252,4933.61899972404
55,500,"sd_b1",0.579784064795445,0.0200191289144379,0.542072728213902,0.620759478250141,1.00014504006193,1.00051176015296,17868.2552935297
55,500,"rho",0.394731015417842,0.0595490445559642,0.275695236768424,0.509125806721898,1.00058625494539,1.00187663700534,5071.03002759021
55,500,"sigma_y",1.0157348556368,0.0130752724442016,0.990518814488604,1.04163161322148,1.00011519028636,1.00048471927325,14808.5080445591
56,500,"beta0_y",2.06117333552253,0.0532507147091762,1.95820879069802,2.16880158585287,1.00182310290881,1.00647648790415,1349.20216202385
56,500,"beta1_y",0.432194126620481,0.0266244036196327,0.38182965250146,0.486662574549796,1.01470134938331,1.03395033231034,243.212584252514
56,500,"beta2_y",1.07854176012204,0.0527112799199201,0.975072937248834,1.18207827966313,1.00106748057069,1.00227130285404,1339.45944187623
56,500,"sd_b0",0.928114337476081,0.050543934747913,0.831190335697284,1.02823044934924,1.00035531566192,1.001388567724,5147.84418186958
56,500,"sd_b1",0.570201300132941,0.0195908211483517,0.533437874682704,0.610317761185847,1.00001395651146,1.00003296610968,18898.3796612329
56,500,"rho",0.275716944566718,0.0620161855368436,0.152123216914575,0.395359150808034,1.00018483321955,1.00074133666245,6692.31135485667
56,500,"sigma_y",0.992669289084853,0.0129207781391785,0.967799616760314,1.01845130187713,1.00004064945087,1.00006720818669,16082.4439722949
57,500,"beta0_y",2.10517032677022,0.056109293411415,1.99385371252706,2.21567867895512,1.00585986032379,1.02110393055988,1162.62750521522
57,500,"beta1_y",0.545048287093348,0.0287657449650369,0.487425498448765,0.598437807510888,1.0239195091592,1.07890443599131,209.726478014725
57,500,"beta2_y",1.02359424787704,0.0564233638175544,0.912311762467513,1.13434721490124,1.00109459231336,1.00376323102436,1120.50091359363
57,500,"sd_b0",0.997944611504836,0.0500793127076196,0.902848257658065,1.09858684038905,0.999980400902377,1.00005249959798,6337.00566894054
57,500,"sd_b1",0.603943471893215,0.0205410456271012,0.565067472350542,0.645718312412632,1.00010320519116,1.00048277795433,19193.2474203912
57,500,"rho",0.293386748626549,0.0585115645372489,0.17693221123027,0.407243463859219,0.999999873292441,1.00002554551518,7300.76500826074
57,500,"sigma_y",0.972524281479492,0.0125270528358549,0.948311184479264,0.997464569145937,1.00004146968655,1.000049218768,16417.8152998611
58,500,"beta0_y",2.00245611262611,0.0564908043078373,1.89145528392436,2.11313497091274,1.00979209993162,1.03308162412778,1239.4029963319
58,500,"beta1_y",0.519769691209148,0.0285545630205011,0.46438402168501,0.576878259254139,1.03464130989919,1.10464631195299,240.323455733902
58,500,"beta2_y",1.03353807048053,0.056348753953586,0.921885702154549,1.14599665304461,1.00013929735755,1.0006294782706,1229.36374712061
58,500,"sd_b0",0.985603854571477,0.0491539492471328,0.891503004796275,1.08519277105431,1.00068707653619,1.00208845688547,6664.44212757363
58,500,"sd_b1",0.60930120875055,0.0207560081953733,0.569730138175549,0.651430282187446,1.00014470766095,1.00065722396364,20472.3110346663
58,500,"rho",0.325442042255213,0.0575551570763835,0.210737684564824,0.43650422440648,1.00046240793415,1.00130848232607,7647.46807946805
58,500,"sigma_y",1.00428310523051,0.0128562280889797,0.979454004172982,1.02991980145462,0.999992042996912,1.00000939661987,16460.0012236623
59,500,"beta0_y",1.9758248096413,0.0568236051852964,1.86458610575658,2.08792324480712,1.00502429096166,1.01839917789495,1121.56862055596
59,500,"beta1_y",0.445960444353443,0.0267867217119278,0.393689392385233,0.498993018074556,1.00696905565522,1.01265074895051,234.56085329345
59,500,"beta2_y",0.998156238631333,0.0587361810880031,0.881149716504321,1.11133213198413,1.00140329705499,1.00510806156509,1145.00467932752
59,500,"sd_b0",1.03627766309828,0.0495328002254657,0.941756912339385,1.13688514866955,1.00025796851546,1.0009100977992,7065.46264399448
59,500,"sd_b1",0.583818981986262,0.0198333416653733,0.546012804918772,0.623864000560719,1.00032736198936,1.00085717930786,19459.4917145949
59,500,"rho",0.36382507148693,0.05487740023242,0.252618104651066,0.469112572261551,1.00026092752524,1.00079119183005,7538.88315140065
59,500,"sigma_y",0.966421385772767,0.0125011704471376,0.942313774570363,0.991235076778062,0.999992738068625,1.00002776121858,16959.0800841367
60,500,"beta0_y",1.99072294605406,0.0547396779063015,1.88367917454279,2.09769933583224,1.00080332864864,1.00307739418063,1315.57772298219
60,500,"beta1_y",0.491835796665441,0.0289160951097479,0.436233574201571,0.550285342574479,1.00383359178255,1.0120401029042,218.868068423426
60,500,"beta2_y",1.02325596744776,0.0539971327910748,0.916493852518203,1.12809163653264,1.00047690370865,1.00187974945854,1379.02182955153
60,500,"sd_b0",0.923670380003588,0.0491861639964716,0.829678231007177,1.02248139017497,1.00025985446481,1.00062454210327,5311.95279524795
60,500,"sd_b1",0.609333852079298,0.0207787637235246,0.57021169833092,0.651572241439666,1.00000049941401,1.00010857556668,18367.1379580057
60,500,"rho",0.316631313872836,0.0612543154830742,0.196210814475549,0.437823522481925,1.0009849337212,1.00255763148852,6159.54026990411
60,500,"sigma_y",1.01086531054106,0.0130741635034567,0.985633589524736,1.03685939428806,0.999990241745458,1.00005960699422,16134.219116745
61,500,"beta0_y",2.08134063762929,0.0565816205338012,1.97143129973979,2.19519643883254,1.00620386547268,1.02129227720056,1254.72916288156
61,500,"beta1_y",0.506959130427548,0.0279288479905513,0.451798015074251,0.561007323402721,1.00589344113342,1.01560382156703,237.059546488485
61,500,"beta2_y",0.990796142991674,0.0592988017534647,0.876624699282936,1.10653593245866,1.00164663457973,1.00365484035274,1241.58795855381
61,500,"sd_b0",0.98462429246225,0.0500420538700942,0.889544684241194,1.08551895225444,1.0003103844072,1.00108967972702,6516.35959157649
61,500,"sd_b1",0.594648414836086,0.0204020752206064,0.556128934395884,0.635762023985071,1.00004195005072,1.00016829916487,19205.4382594367
61,500,"rho",0.261780775828356,0.0600645914915418,0.142751902658329,0.37828992536842,1.00071828825724,1.00265528642189,7833.88003604846
61,500,"sigma_y",1.0129827529983,0.0131395104634135,0.987784410451974,1.03925057558867,1.000276059088,1.00087235393425,17294.5054422286
62,500,"beta0_y",2.0797478862986,0.0556671390559205,1.96941353450473,2.1895212641701,1.00188085782869,1.00655190246947,1254.7039172113
62,500,"beta1_y",0.494049990274858,0.0310846652000646,0.435964498932489,0.55859328091779,1.01685625222445,1.04620248288924,192.392836664637
62,500,"beta2_y",1.02429274465439,0.0552151738097675,0.917906178429688,1.13211239717096,1.00215550603277,1.00331803416255,1238.37844811839
62,500,"sd_b0",0.989990885513695,0.0488288518545033,0.897427830012293,1.08910985342795,1.00037619335463,1.00140692951347,6958.37321507873
62,500,"sd_b1",0.625609469407697,0.0211615751497728,0.585576957342141,0.668922362170202,1.00007237837532,1.00017254755471,21183.4763935419
62,500,"rho",0.244691120649716,0.0582441483386917,0.128865484383465,0.357954049194621,1.00004907941278,1.00026438504473,8074.10505164212
62,500,"sigma_y",0.999835346034781,0.0128490982501448,0.975133807011369,1.02546502819278,1.00000900626966,1.00010315742466,17336.7762315553
63,500,"beta0_y",1.91272386577974,0.0567878963697437,1.80036549212526,2.0234088383582,1.00083030213738,1.00105175559361,1216.12158562682
63,500,"beta1_y",0.465105632867262,0.0287913651143879,0.411641930801361,0.522798258124061,1.06212285230354,1.20224018660823,229.774020122307
63,500,"beta2_y",1.00366355384965,0.0633610929707638,0.878091893641611,1.12780398099061,1.00165725246704,1.0062046898201,1081.11477065439
63,500,"sd_b0",1.05706750096841,0.0518389977974547,0.958397631899,1.16301601839849,1.00071255789925,1.00269611620878,6357.25263215999
63,500,"sd_b1",0.617522822222458,0.0207418367105274,0.578205210464158,0.659199535092285,1.0002790032284,1.00085323769634,20508.1985977081
63,500,"rho",0.251570719601167,0.0574878921607411,0.136794533983504,0.362533890164575,1.00018100801617,1.00076593398961,8444.51022348756
63,500,"sigma_y",0.994377715015121,0.0127809044911961,0.969529858612695,1.0198342151296,1.00014390655736,1.00059838038679,17801.0414529601
64,500,"beta0_y",2.01170128394187,0.0573996630449637,1.89444787629505,2.12047251756738,1.00308575338677,1.01131511572413,1212.15482534766
64,500,"beta1_y",0.522500693284198,0.027949518378965,0.469176811602673,0.578568405770545,1.01914832726747,1.05477791952711,243.918882709856
64,500,"beta2_y",1.06563876648224,0.0607961180453068,0.944207702965052,1.18257897808239,1.00098063824977,1.00355196856634,1303.85331485953
64,500,"sd_b0",0.997799490952721,0.0497103093673566,0.902898087312104,1.09896659072804,1.00011504844979,1.00055588040568,6078.35596056483
64,500,"sd_b1",0.600540464624475,0.0204233041988993,0.56192178729691,0.642160623690492,1.00015599520516,1.00069860341649,19980.5066015913
64,500,"rho",0.349009182454348,0.0573162187201549,0.233247660756112,0.457750776118907,1.00014028839255,1.00045358448287,6718.91822467173
64,500,"sigma_y",1.00727421749102,0.0130409857842781,0.982034798057665,1.03335069908,1.00011125574097,1.0001214909701,17541.4970254718
65,500,"beta0_y",1.97812541930132,0.0565934687931795,1.86754690460158,2.08939348928227,1.00094450514759,1.00326343032304,1143.76149181193
65,500,"beta1_y",0.494049180269621,0.0316196090770155,0.431766559145696,0.555003950525589,1.00360698420968,1.00880288456564,174.693028590554
65,500,"beta2_y",0.945017632807135,0.0542420356980991,0.838383260109774,1.05060354668971,1.00042763418707,1.00044436808401,1261.36071015237
65,500,"sd_b0",0.995367956301877,0.0482735926767932,0.903944957024746,1.09324417561081,1.00100408738081,1.00363487142703,6776.99394813992
65,500,"sd_b1",0.631136385075475,0.0215264064445765,0.590800859840618,0.675090485549104,1.00011251454697,1.00046779864029,20803.1639260972
65,500,"rho",0.307976848097185,0.0571892240532657,0.192592871705722,0.417985508831891,1.00076812442753,1.00291797172566,7844.80027650984
65,500,"sigma_y",0.988388849668331,0.0127000174970541,0.963831346029917,1.01368356519924,1.00020909573285,1.00066889603765,17827.2180388259
66,500,"beta0_y",1.99372488943523,0.0546519888152173,1.88732784159101,2.10334830579727,1.0031808952401,1.01064945064072,1330.023192739
66,500,"beta1_y",0.526435804259397,0.028893639269943,0.468355173343608,0.582821657634162,1.0091464908128,1.02716177375398,211.046676339416
66,500,"beta2_y",0.945833953389951,0.0547068680628038,0.838252548542436,1.05290783600313,1.00249731033821,1.00255017180166,1274.01717712019
66,500,"sd_b0",0.952929699434307,0.0500463411204687,0.857428946300182,1.05346531707007,1.00024965168009,1.00060745638031,5772.40489048032
66,500,"sd_b1",0.643530914371413,0.0216179338092444,0.602446461999543,0.687213300217842,1.0000519697446,1.00015682718167,19820.5185462922
66,500,"rho",0.228666300763254,0.0604828014181376,0.108103321326475,0.345469008266189,1.0000471542982,1.00026255020335,7484.06284317264
66,500,"sigma_y",1.00013197260253,0.0129842882352458,0.9750622876649,1.02585488955286,1.00014319959816,1.00052198838002,15283.0707422107
67,500,"beta0_y",1.88573133871791,0.0593654923496475,1.76921545461534,2.00372341930861,1.0039261169042,1.01296505835447,1127.77635278507
67,500,"beta1_y",0.502814512672096,0.0275479352461569,0.448914445325925,0.554428811704715,1.00303481484729,1.00878143649099,237.35108201181
67,500,"beta2_y",1.03032102110748,0.059644794555631,0.913981614210159,1.14589175514251,1.00099215444762,1.00116618777653,1224.51678249368
67,500,"sd_b0",1.05362866291317,0.0509136847923509,0.956405536762286,1.15675780177856,1.00014176624792,1.00048008804264,7039.87911748604
67,500,"sd_b1",0.574118007509344,0.0196062950682048,0.537121376783559,0.613765880253721,1.00016417602307,1.0007347010111,18188.6453833044
67,500,"rho",0.273966576227731,0.0587355543193557,0.157121874055195,0.387544863874843,1.00011282543864,1.00046564318767,7466.40197878284
67,500,"sigma_y",1.00957962433807,0.0130042611907869,0.984495147236477,1.0356522876614,1.00002335463543,1.00010012882445,16576.5066962677
68,500,"beta0_y",2.0723554553036,0.0568250894132179,1.95996595642149,2.18310228477619,1.01151455010426,1.03599438943037,1304.77359800028
68,500,"beta1_y",0.489793797636199,0.02877075830731,0.435033237862209,0.546678189509112,1.02804647779473,1.07657180140618,234.286823022258
68,500,"beta2_y",0.977699098245609,0.0554310971580308,0.870126340801315,1.0854550011369,1.0031175239465,1.01132574375929,1232.17560922776
68,500,"sd_b0",1.01538019911408,0.0506555048441477,0.919431565631919,1.11635112068618,1.00035579947579,1.00118657310847,6674.85140789033
68,500,"sd_b1",0.623047758009356,0.0211934434993345,0.582864995532076,0.665875752054262,1.00001416164184,1.00018080295324,20667.1286260973
68,500,"rho",0.289856192528041,0.0588937934419853,0.173541956023159,0.403861493712623,0.999997811155584,1.00005911851811,7376.88988931149
68,500,"sigma_y",1.01696296237593,0.0129555050154981,0.991848861677317,1.04279920019963,1.00018031362075,1.00067650092972,17379.0523945609
69,500,"beta0_y",1.95806277262371,0.0546667013701888,1.850501864938,2.06529457036225,1.00050254274583,1.00142311527068,1351.19629730181
69,500,"beta1_y",0.47362109962319,0.0278363622771658,0.421526218648637,0.528450508035843,1.00622880667116,1.01366995309861,243.330203597388
69,500,"beta2_y",1.06243241657428,0.0593902593063218,0.945329939391078,1.17883353900951,1.0028654685773,1.01046115872569,1323.13396358099
69,500,"sd_b0",0.971367199510438,0.0496578400661626,0.876908339931644,1.07129965094204,1.0004872896298,1.00170428678654,5891.58304428684
69,500,"sd_b1",0.622300137049,0.021084412407856,0.582006863429039,0.665160286428578,1.00005431347926,1.00005817208809,19982.1979144969
69,500,"rho",0.32972423552627,0.0581176575055901,0.214355496921012,0.441630823275065,1.00044770145663,1.00141065737666,7037.64643247686
69,500,"sigma_y",1.01371598904053,0.013123418344032,0.988560089083697,1.03993533785546,1.0000376400421,1.00011636420976,16972.4627549578
70,500,"beta0_y",1.94092520048384,0.0559967938276379,1.83303193266533,2.05266263781009,1.00104402656548,1.00393940879125,1182.64954048791
70,500,"beta1_y",0.517008797568127,0.0288348152860077,0.462717185782449,0.575397461965979,1.03611053579538,1.12278087389376,216.546360203708
70,500,"beta2_y",1.06780224951662,0.0604068068755928,0.949641212782683,1.184328854611,1.00049572423331,1.00123930317993,1270.0393525927
70,500,"sd_b0",0.974895278575442,0.0496119617269899,0.880302947601379,1.07512733466012,1.00020261052004,1.00076665337126,5986.7685660035
70,500,"sd_b1",0.607315631427039,0.0206294066970628,0.56833074249255,0.649068521582089,0.999958716604736,0.999965644608926,20552.4437259678
70,500,"rho",0.279251580440564,0.0592883492233062,0.161128604244573,0.394078536986562,1.00009120090754,1.00028194872095,7211.42505338322
70,500,"sigma_y",0.98512833847016,0.0127509141996372,0.960457797291402,1.01051898080375,1.0002598833415,1.00099274802073,15561.8876748888
71,500,"beta0_y",1.9673513038661,0.0550394035564076,1.85928610120676,2.07570181347511,1.00737002576261,1.0260711207706,1222.16335158082
71,500,"beta1_y",0.542447670637879,0.0271129485410458,0.488406412236502,0.594528880268907,1.0040333825748,1.00679415467166,236.588681436492
71,500,"beta2_y",1.07853374176699,0.0571771386977472,0.96504915035117,1.19141540303993,1.00089066613983,1.00172063812788,1222.46850944965
71,500,"sd_b0",0.963868202496051,0.0487661558481735,0.871894740512079,1.0621448388285,1.00002381437206,1.00010628302143,6518.58946692052
71,500,"sd_b1",0.588580194932323,0.0200665984235239,0.550501914792309,0.629511355596464,1.0000283025809,1.00002935626391,19354.247574097
71,500,"rho",0.275548869743119,0.0586978626137148,0.160188223197545,0.388785882963836,1.00009501216202,1.00040762990537,7554.84225861071
71,500,"sigma_y",0.97145010722544,0.0125106816359504,0.947479929086503,0.996328554808207,1.0002150247384,1.00084141658226,17048.2990970915
72,500,"beta0_y",1.8262079596955,0.0585353400041995,1.71048217836515,1.94035126120996,1.00298010595863,1.01075582269021,1152.09898666007
72,500,"beta1_y",0.494959180491165,0.0299163689913048,0.440573820225723,0.557688666593384,1.01277259460294,1.03322867481478,205.728888016928
72,500,"beta2_y",0.991761172230416,0.0590809284470495,0.875363313509687,1.10971335755621,1.00024709540997,1.00026483390302,1190.03878312741
72,500,"sd_b0",1.03318037194588,0.0508234526340074,0.935493907850274,1.13577476294602,1.00019281300513,1.00048530669015,7157.08939185671
72,500,"sd_b1",0.597632255841007,0.0203456084103976,0.558894742145328,0.638981065230016,1.00004584636269,1.00022195863112,19903.2723564468
72,500,"rho",0.28557206003278,0.0574865533889386,0.171468253510904,0.396329527363774,1.00034764962923,1.00130456361262,7977.18889048331
72,500,"sigma_y",1.00993306851488,0.0130269496149744,0.984832405036942,1.03568082277377,1.00004197842688,1.00023314694879,17670.7727273921
73,500,"beta0_y",1.87991049942664,0.0560476675540156,1.76998049554695,1.98882705111719,1.00095266389321,1.00177535636502,1269.87906331603
73,500,"beta1_y",0.489014060717441,0.0271003259003828,0.436789479286708,0.541181513064335,1.04836808921788,1.16075032010287,265.50743488447
73,500,"beta2_y",0.985077975491389,0.0541609965264156,0.87889467314403,1.09170912210507,1.00175829311955,1.00658345905733,1261.94070085025
73,500,"sd_b0",0.994959220097252,0.0499267854020899,0.899364421780415,1.09578727048043,1.0002014905384,1.00038141221283,6340.7567735284
73,500,"sd_b1",0.579809667949342,0.0197838147879268,0.542295935501882,0.620144302008106,1.00022765514182,1.00080041352346,19127.6791719109
73,500,"rho",0.251474439191209,0.0600617035393073,0.132262671006477,0.367640877927678,1.00004452525852,1.00015089262693,7521.43935723434
73,500,"sigma_y",1.01103698718216,0.012961176458953,0.986209772261058,1.03669588795465,1.00010528795574,1.0004395505887,17170.4587294863
74,500,"beta0_y",2.07510795123845,0.0577829496588797,1.96040022408513,2.18607658613695,1.00634594048936,1.02213375677369,1161.85813906421
74,500,"beta1_y",0.483331551161654,0.0273295913351518,0.434093479582158,0.540122594014593,1.02638152365319,1.08664958363511,244.95343990977
74,500,"beta2_y",1.04545325507255,0.0623613760024173,0.921923578889556,1.16782509141854,1.00074682119301,1.00152860046793,1149.35502663703
74,500,"sd_b0",1.02788275170686,0.0501312353024364,0.931460353597248,1.12786339447417,1.00033565184785,1.00125926897381,7161.63089136673
74,500,"sd_b1",0.600070351650293,0.0205568343404934,0.560939283932184,0.641813500985565,0.999961963459086,0.999975794773379,19640.6301011116
74,500,"rho",0.223374304745541,0.0587700180217206,0.105799349153482,0.336427142880554,1.00056401466381,1.00206136381742,8404.93372177685
74,500,"sigma_y",0.998011429338061,0.0128457866964376,0.973354338672487,1.02368984964824,1.00008143137307,1.00008190624942,17369.4996668698
75,500,"beta0_y",1.94062964630886,0.0581422233782095,1.82708397776851,2.0535849201308,1.0006035949176,1.00147744993662,1099.85720446489
75,500,"beta1_y",0.467205799914369,0.0283241488599993,0.411788776131802,0.521735086153411,1.00387994131119,1.01316981239819,223.315779183693
75,500,"beta2_y",0.859453075372683,0.0597509858099277,0.741197308350879,0.975950057826699,1.0014390813965,1.00397961225266,1201.82173176422
75,500,"sd_b0",1.02874867209198,0.0501457676172599,0.93235870772042,1.12952182142574,1.00040973681294,1.00114909592503,6587.66003439682
75,500,"sd_b1",0.595825382872356,0.0204721944122474,0.557258562224571,0.637657201258453,1.00007483968213,1.00021348507154,18362.3845674374
75,500,"rho",0.386477177596688,0.055749407887155,0.275717863567741,0.494147400076709,1.00038634672896,1.00148619694561,7186.70994134735
75,500,"sigma_y",1.00011751734734,0.012889231250449,0.97534015320653,1.02603293983139,1.00001944627089,1.00010061519287,16402.7216667335
76,500,"beta0_y",1.95735960702842,0.0556894842574244,1.84790130826112,2.06731701945116,1.0010053875098,1.00340432332438,1251.59474310628
76,500,"beta1_y",0.506397157261206,0.0274654948225526,0.453219437995534,0.561679767848479,1.01041410942662,1.03219778228931,232.948130583701
76,500,"beta2_y",0.95315843388103,0.0554472800740908,0.844651933417273,1.06248754027474,1.00089217745127,1.00228523614438,1228.23557678868
76,500,"sd_b0",1.00007309292845,0.0503410928934152,0.902918072285991,1.10084643160727,1.00066074313427,1.00206308500272,6566.31560425392
76,500,"sd_b1",0.608831127496309,0.0204887069147049,0.570049903618744,0.650074533978956,1.00001135750003,1.00017110516267,20491.6382724486
76,500,"rho",0.281137378896269,0.0577228922951586,0.166027430392448,0.392354445005453,1.00059793917081,1.00209236945421,7757.07470504967
76,500,"sigma_y",0.992591018348373,0.0128540131088586,0.967659510179753,1.01810007354576,1.00006001325254,1.00007469992488,16754.5777499127
77,500,"beta0_y",1.93493572581519,0.0563065523989878,1.82419973009044,2.04466814368524,1.00116887324218,1.00329415296272,1189.48619350649
77,500,"beta1_y",0.44481086324748,0.0273902903760026,0.387968669007472,0.496309026311605,1.01141173961357,1.03553316465252,229.114764898396
77,500,"beta2_y",0.93071610729328,0.0528447027112863,0.828125955977113,1.03536981950666,1.00046253646296,1.00134054325625,1222.89659132068
77,500,"sd_b0",0.981641149499446,0.0495153243256042,0.887834638878272,1.0801630923087,1.00007985712215,1.0001268718553,6406.36819357453
77,500,"sd_b1",0.549712749981963,0.0188941191522001,0.513841122129718,0.587620133785991,0.999987117119863,1.0000136428462,17631.3195294213
77,500,"rho",0.35993284755097,0.0582038131974285,0.243913813438671,0.472331462124391,1.00055122484004,1.00174925219271,6739.68982191686
77,500,"sigma_y",0.986018269746788,0.0126966503156805,0.961608924040625,1.01141117356066,1.00004600620586,1.00013494807135,16039.6855716748
78,500,"beta0_y",2.01333964833065,0.0561534673501554,1.90262301264614,2.12117020538835,1.00413516526055,1.009346499075,1308.12372507133
78,500,"beta1_y",0.498570493574794,0.0252617091535253,0.450488504681009,0.546722147802522,1.008318096652,1.02997730006197,277.646400561089
78,500,"beta2_y",1.11383679923243,0.0564265376144846,1.00226221983112,1.22375221889449,1.00605459067212,1.02157738320225,1283.40107282826
78,500,"sd_b0",1.00613118556605,0.0506971357263688,0.910629453065709,1.10758722091583,1.00044047235801,1.00131096746668,6359.83694510986
78,500,"sd_b1",0.599605404401528,0.0203464380218964,0.56082959257077,0.641093630628066,1.00006520497209,1.00037256569035,20053.6384555093
78,500,"rho",0.318309659712255,0.0586242876322717,0.201582517430953,0.430565369458396,1.00017136978091,1.00067778154599,7326.64655900936
78,500,"sigma_y",1.00487971125117,0.0129129086902763,0.979987636465628,1.0304063339833,1.00065114879178,1.00229036812023,15505.9188231638
79,500,"beta0_y",2.03469509712462,0.0580598792322118,1.91850622067031,2.1476030713067,1.00453910018163,1.01242752667983,1128.88176282702
79,500,"beta1_y",0.46687498595627,0.0278864283491214,0.414081880818635,0.522322425660341,1.00462432195434,1.01341490466663,230.618962248994
79,500,"beta2_y",0.858597228661942,0.0586863089887319,0.742802199882848,0.974385709232976,1.01012832116498,1.03611323344184,1158.33512411797
79,500,"sd_b0",1.03751145931439,0.05039313575221,0.940974692298531,1.13857416228712,1.00036973213521,1.00142933117871,7012.31436526708
79,500,"sd_b1",0.584844035932008,0.0197557256116975,0.547087640783772,0.624743695699389,1.00005383063727,1.00028070587713,20179.2081577272
79,500,"rho",0.290779391532841,0.0568424174967674,0.17667477878581,0.399717396241437,1.00001045054622,1.00004509318992,8222.05913412562
79,500,"sigma_y",0.98781785010405,0.0127731538159635,0.963327053880995,1.01359300122337,1.00012171702755,1.00016806544656,17012.0413754534
80,500,"beta0_y",1.95597133705859,0.0597723395605873,1.84222962162682,2.07529332473389,1.00113844304971,1.00373659926307,1086.71996741154
80,500,"beta1_y",0.539264604342604,0.0267652978341286,0.488827000386004,0.595717591915635,1.02912658229894,1.09947153793502,260.329266974012
80,500,"beta2_y",1.07586272244969,0.060215546210894,0.958998657266902,1.19529281810679,1.00247883846758,1.00773015378028,1138.09690014001
80,500,"sd_b0",1.06877887249419,0.0518601831933853,0.96852711222481,1.17314416342487,1.0003721458323,1.00135020713544,7180.80186796082
80,500,"sd_b1",0.577000611602896,0.0198351905457161,0.539206183364221,0.617764220908918,1.00004623974026,1.00005360973757,19162.0105400602
80,500,"rho",0.200807098490425,0.0594875799601453,0.0832028997868456,0.315319904199362,1.0000381722653,1.00026080547409,7947.68398650472
80,500,"sigma_y",1.0056419412258,0.0129809773915034,0.980439926754523,1.03109064238062,1.00013770198682,1.00040845675386,17387.3980460595
81,500,"beta0_y",2.0119339243683,0.0568063170874795,1.89962171902734,2.12286339854804,1.00164350661909,1.00524158524316,1202.32669959179
81,500,"beta1_y",0.501272746724484,0.0254669329110548,0.449622723840168,0.550722853802626,1.00270323492638,1.00801612674454,274.527005957241
81,500,"beta2_y",1.03159691732652,0.0553051429544052,0.923539240369431,1.13714644793649,1.00112274906135,1.00167828961667,1206.37872638377
81,500,"sd_b0",1.01470464647396,0.0507430425156094,0.917490970127064,1.11609418720673,1.00007161799647,1.000264981799,6215.91534835085
81,500,"sd_b1",0.5796530335562,0.0198451390414197,0.542049102864894,0.620070066005559,1.00003181978689,1.00006796938284,19111.2859270554
81,500,"rho",0.33797575111817,0.0572377515874079,0.225258860170007,0.44797524371299,1.00041261128698,1.00154863521701,7201.96882195473
81,500,"sigma_y",0.994652902425743,0.0128376174351957,0.970009245899659,1.02029410018746,1.00010784944704,1.00052289335256,17297.059285927
82,500,"beta0_y",1.9457773841555,0.0572716278312308,1.83254750111043,2.05855329225592,1.0016412325762,1.00368343734557,1212.66103583617
82,500,"beta1_y",0.530734049876358,0.0274336215622379,0.47833627996689,0.586043381823816,1.01490292521362,1.0319703640023,228.703062904709
82,500,"beta2_y",1.01456135859716,0.059175402840171,0.900808274750766,1.13182254119686,1.00016131448914,1.00029120474307,1196.54733833688
82,500,"sd_b0",1.01888513751355,0.0514454616967927,0.920511768967368,1.12211800786345,1.00038894743288,1.00090526608604,6621.37159292769
82,500,"sd_b1",0.603196638774721,0.0205481564762693,0.564404722217381,0.644554838282093,1.00005465370438,1.00018519991497,20767.0574172656
82,500,"rho",0.302640070010913,0.058320872162192,0.186708612351642,0.415435389086443,1.00023998634982,1.00088719985288,7400.33489933036
82,500,"sigma_y",1.0101642264223,0.0130048296031648,0.98499206541495,1.03587135388219,1.00005231436443,1.0001972404324,17428.9006741971
83,500,"beta0_y",2.02893087112157,0.054929692678825,1.9200355907991,2.13539334653643,1.00027255594539,1.00103828609062,1287.07726337811
83,500,"beta1_y",0.495764534279612,0.0289015726140834,0.43746096773936,0.55164145097932,1.00141190872831,1.00516806533398,217.556651952475
83,500,"beta2_y",0.961673737745444,0.0537536974927754,0.857742043922202,1.06807197552521,1.00107097190095,1.00371760978662,1353.116396362
83,500,"sd_b0",0.946498674396178,0.048490162891749,0.854113164206766,1.04417484531688,1.00033335804081,1.00124878192511,5884.33033283708
83,500,"sd_b1",0.614694139963415,0.0207110936855855,0.575734224865936,0.656073461501303,1.00007684701595,1.00017083640954,19879.7820221217
83,500,"rho",0.297206373826273,0.0606284950586384,0.176889349677958,0.414189233121945,1.00048157192458,1.00169408247538,6793.78767035809
83,500,"sigma_y",1.00581456229907,0.0129522763147092,0.980843256937333,1.03143017236665,1.00033397650526,1.00108483785171,17077.655539257
84,500,"beta0_y",2.0698460252877,0.0552748451301095,1.96086142113766,2.17829855037332,1.00901162819577,1.03224650672727,1271.34893752878
84,500,"beta1_y",0.498332846863071,0.0275522748631777,0.446378261031475,0.555214309417974,1.02387610760767,1.08289308298719,229.641080526467
84,500,"beta2_y",0.905762410416045,0.0527655474210158,0.799427185510983,1.0085322037498,1.00094363578319,1.00354639689567,1300.6781292407
84,500,"sd_b0",0.974853374933635,0.0484122888184147,0.882764791719775,1.07240765869523,1.00017796048936,1.00078203046559,6668.11103174726
84,500,"sd_b1",0.582000344337489,0.019954686126615,0.544302813313442,0.622632376018924,1.00002405374943,1.00016365012004,20173.5436641121
84,500,"rho",0.307213274125397,0.0580793459547087,0.192061274412112,0.420200883835201,1.00015998726592,1.00054729580018,7778.61358980865
84,500,"sigma_y",0.989073599618682,0.0126153466353188,0.964710081661252,1.01440349889358,1.00008131609517,1.00021856547211,17774.7162646456
85,500,"beta0_y",1.97147363725374,0.05464846522746,1.86462014455191,2.07781556399344,1.0016037359068,1.00573581271701,1283.86476544843
85,500,"beta1_y",0.500557352156412,0.0280070316967432,0.445628839509134,0.554827851179586,1.00698127682539,1.02232878524214,221.031113035344
85,500,"beta2_y",1.00888440122056,0.054638282478435,0.89842971456006,1.11328377351446,1.00189732647186,1.00542809406365,1375.82627510941
85,500,"sd_b0",0.931858804961039,0.0502360459378057,0.836670539363724,1.03225145975156,1.00036037458273,1.00135713938719,5045.22452456225
85,500,"sd_b1",0.607308327052727,0.0207113422190643,0.568372462295418,0.649016690815981,1.00001052159143,1.00013394512032,18202.0682210199
85,500,"rho",0.396893733902651,0.0596581842163471,0.277365701881959,0.511733947183187,0.999982143637528,1.00000290320106,5340.01154097667
85,500,"sigma_y",1.01030633101379,0.0130803743144592,0.985396134137092,1.03658006741556,0.999966567836367,0.99998919121785,16162.2589999104
86,500,"beta0_y",2.08299260656453,0.0535744095774829,1.97736340126666,2.18725078414491,1.0016196024696,1.00540013629999,1381.73657890681
86,500,"beta1_y",0.511849435761105,0.0278743924479321,0.45497636862019,0.564730731007596,1.00464199123461,1.01329481045664,217.046833808552
86,500,"beta2_y",1.06799633250139,0.0517359681110994,0.965442449713628,1.16830931111457,1.00041170996271,1.00152112441931,1382.65150134951
86,500,"sd_b0",0.925136199136491,0.0487921096508634,0.83141815039694,1.02301079996006,1.00031560362238,1.00100414252145,5817.56263376347
86,500,"sd_b1",0.614360308836148,0.0209182187320949,0.574952563246574,0.656688641857459,1.00006059315113,1.00028079217736,19224.0869748847
86,500,"rho",0.39310667828837,0.0587407193606969,0.2759744086852,0.50530859905747,1.00114197501371,1.00423756469596,5729.22845482379
86,500,"sigma_y",0.99764711807193,0.0127969470025459,0.972685957677299,1.02327089034011,1.00031231191137,1.00121408811451,16690.3576236254
87,500,"beta0_y",1.99575048849141,0.0568565705708444,1.8848439127546,2.10787466207713,1.00033104532569,1.00103726851573,1194.82910684977
87,500,"beta1_y",0.486820630387383,0.0293326552708178,0.426969566223818,0.543834692413014,1.00669388237316,1.01505106245126,207.489727917028
87,500,"beta2_y",0.987208267489509,0.0538108450830347,0.883515910047762,1.09239475094976,1.00094849715137,1.00323120150599,1355.07122292842
87,500,"sd_b0",0.979427456012968,0.0502063222246792,0.884135522611723,1.08057083558731,1.00013091768711,1.00025655638881,6233.31479862221
87,500,"sd_b1",0.608691006372549,0.020749650122156,0.569543744013793,0.651152643667627,1.00004829077587,1.00024649175234,19270.8380842096
87,500,"rho",0.314877872280767,0.0585044066446867,0.198583855937819,0.42829679870689,1.00029247081329,1.00092737992095,7748.13267573198
87,500,"sigma_y",0.999292743782539,0.0128533659727398,0.974387724584359,1.02493122146533,1.00010863958306,1.00051363861625,16646.6208072671
88,500,"beta0_y",1.95693684466456,0.0596650587708386,1.83903183444718,2.0733617861992,1.00235626234718,1.00511424192199,1123.80286153364
88,500,"beta1_y",0.476332907919267,0.0251208077721847,0.426567980626705,0.52430471111884,1.01957603274655,1.06333908648954,294.444269320924
88,500,"beta2_y",0.907439020402742,0.0603211786416071,0.791999440580282,1.0262665056006,1.0028266185918,1.0090279920631,1046.26089083068
88,500,"sd_b0",1.11867928761188,0.0519263275532187,1.01763300279787,1.22290325168599,1.00028123284755,1.00087269744192,8020.07521327128
88,500,"sd_b1",0.573397113564852,0.0197564772350144,0.535850952402297,0.613593347674218,1.00011320343354,1.00053345091672,19806.9629130339
88,500,"rho",0.185266016289786,0.0577841707800311,0.0707318404577927,0.296756897008692,1.00018645100043,1.00071024158581,9580.2690898494
88,500,"sigma_y",1.00112787725573,0.0127865663278847,0.976353407580271,1.02628728426468,1.00039432566952,1.00133439979357,18521.2000452679
89,500,"beta0_y",1.91408324936287,0.0583630520970859,1.79855378659809,2.02829856921917,1.00344764033351,1.00952218833271,1161.91326291338
89,500,"beta1_y",0.531652063408821,0.0275867477301416,0.480124550731363,0.587034918080782,1.00814749879682,1.02470792305242,252.075070255357
89,500,"beta2_y",1.07189040243718,0.0596638799485713,0.956152050341375,1.18806382823408,1.00214459190908,1.00747926076515,1161.6875732986
89,500,"sd_b0",1.01489994534943,0.0496257010180672,0.921034472417154,1.11529483785815,1.00013439783235,1.0003013596798,7040.67787679416
89,500,"sd_b1",0.601453668597989,0.0204294118187365,0.562577691849715,0.64309503049592,0.999982680599537,0.999993724467436,20015.2675685075
89,500,"rho",0.237790149617575,0.0578213434118603,0.123774318056357,0.348919498319683,1.00006255287496,1.00036410794216,8761.13522045308
89,500,"sigma_y",1.0092122318361,0.012968766023326,0.984353306666736,1.03519798582426,0.999987074144013,1.00008155281677,17614.606092885
90,500,"beta0_y",1.9297839380412,0.0562040081471926,1.81995352027394,2.04053602150909,1.00069927685217,1.00125394973548,1255.05510538872
90,500,"beta1_y",0.501855881527992,0.0278207673034444,0.448685460481307,0.558167506477249,1.00679846252665,1.02461235771657,246.639338554249
90,500,"beta2_y",0.936382832747756,0.0572300420986615,0.822001136941642,1.0450090784117,1.0014640527211,1.00207018886932,1230.91210896948
90,500,"sd_b0",1.00440707210636,0.0497714826608741,0.908644510455024,1.10477841071528,1.00087529652961,1.00305083474459,6920.42059964896
90,500,"sd_b1",0.610658222507795,0.0208532611323822,0.570927558687568,0.6528308784087,0.999960027547387,0.999961216430678,20019.7672012547
90,500,"rho",0.305401540654315,0.0569641141101051,0.192047638617449,0.414853526014791,1.00032980997253,1.00130793355082,8157.54042021655
90,500,"sigma_y",1.00415309462573,0.0128970394684406,0.979017457324323,1.02973232594219,1.0003131927103,1.00115075256472,17007.4876162864
91,500,"beta0_y",2.04423083562535,0.0548138598412024,1.93491440237389,2.15067292574026,1.00318212898174,1.01166569539647,1349.21567025475
91,500,"beta1_y",0.50180296202291,0.0267599393899244,0.448014685837078,0.553335522728467,1.00263617177432,1.00685811811049,264.704345832433
91,500,"beta2_y",0.932098548529433,0.0537878709368448,0.827893782669867,1.03695065289332,1.003126701224,1.01142359938016,1326.75071081153
91,500,"sd_b0",0.987262887261395,0.0498872678955117,0.891493660877612,1.08765982273442,0.999973706010911,1.00001991526864,5899.66123279361
91,500,"sd_b1",0.615262139009425,0.0209922583948813,0.575572777933899,0.657976534797791,1.00003829477956,1.00014162934039,19165.4822902944
91,500,"rho",0.332143755195631,0.0574606276006225,0.216323242493274,0.442405809620129,1.00039435146058,1.00135907446128,7776.54999347426
91,500,"sigma_y",1.01341006856621,0.0130713516659625,0.988278138820417,1.03924932333566,1.00002595646741,1.00014410173223,16632.809914784
92,500,"beta0_y",2.03628635772802,0.0538240283846556,1.9313495195743,2.14333458360406,1.00144582530343,1.00292339958037,1322.7068930419
92,500,"beta1_y",0.489002596505804,0.0254953751775756,0.440104775632557,0.538628412054694,1.00576754831041,1.01872549646871,252.069193343003
92,500,"beta2_y",0.907984637321414,0.0590581493685747,0.791125795585443,1.02291131649903,1.00017668740245,1.00024508808634,1293.22846729524
92,500,"sd_b0",0.964127265463602,0.0497419842603409,0.869491115920031,1.06490323394484,1.00074288355386,1.00224654482333,5776.62101005861
92,500,"sd_b1",0.593666264198274,0.0201665409478794,0.555857264338459,0.634649117852773,1.00003258847753,1.0002329171966,19561.646242655
92,500,"rho",0.34532610569273,0.0580910416953768,0.22943983322899,0.457793268453206,1.0001401347108,1.00014563414397,6840.28580952907
92,500,"sigma_y",0.990925331145475,0.012722132020097,0.966329485941257,1.01622482330608,1.00001830089601,1.00015864271211,16543.2408333477
93,500,"beta0_y",2.14703240530507,0.0568219355447597,2.03644503633152,2.25833924650071,1.00578846632674,1.0210731525713,1189.61906560621
93,500,"beta1_y",0.457811161212049,0.0297390940107802,0.400869866408782,0.515724091062072,1.02511411419159,1.08640545632662,202.041035155569
93,500,"beta2_y",0.892731863964701,0.0576081466943239,0.782248088533695,1.00971203585143,1.00137578316933,1.00505665067137,1281.94815063296
93,500,"sd_b0",0.989375883070741,0.0491332340643824,0.894886544540689,1.08734693704336,1.00042713286485,1.00148999292673,6841.36700166851
93,500,"sd_b1",0.62758789397185,0.0212144344615089,0.587086981736753,0.670298459887098,0.999999897636504,1.00008975190775,20033.5000556288
93,500,"rho",0.36522487785469,0.0569990963816703,0.250729433979543,0.473841581291431,1.00019523952118,1.00064754579213,6955.74309129142
93,500,"sigma_y",0.996129552345366,0.0128077164365661,0.971445734928085,1.02154599287743,1.00008065799184,1.00028420384666,17183.2598122642
94,500,"beta0_y",2.01352434477749,0.0556883684759508,1.90532510661898,2.12482835708423,1.00986019061672,1.03553277258266,1253.97509095993
94,500,"beta1_y",0.50363219547935,0.0294687788200705,0.448242383954238,0.561942150346508,1.01896461292019,1.0616023933131,205.324792503237
94,500,"beta2_y",1.12074803299783,0.0566138890371784,1.00955315397166,1.23267565076929,1.00121465926968,1.00308673888499,1273.15369254348
94,500,"sd_b0",0.988735156230623,0.0496054700186049,0.894278091158217,1.08990545069381,1.00030871713308,1.00095121898084,6454.916556018
94,500,"sd_b1",0.600002163581724,0.0205949458421047,0.561417155365522,0.641950969484727,0.999962583554389,0.999970268591593,20430.7393512755
94,500,"rho",0.30253041868183,0.0587001894420492,0.186329627212183,0.415343063368028,1.00003887043895,1.00023643484632,7351.06121168285
94,500,"sigma_y",0.997924399016258,0.0128726414109301,0.973105414568492,1.02351725372984,0.99999059354844,1.00000760400238,16039.8215771906
95,500,"beta0_y",2.09997869135878,0.0561264195847145,1.98912317448566,2.21041977586848,1.00379225488832,1.01362171953652,1242.45822494892
95,500,"beta1_y",0.473915763660254,0.0281867868430435,0.418624756370179,0.529629822564698,1.0054932703858,1.01418404366137,209.664073990531
95,500,"beta2_y",0.998484160685042,0.0554461698569301,0.888127030756986,1.10583710850848,1.00256064452041,1.00905993859568,1323.39204745701
95,500,"sd_b0",0.987467388143305,0.049643013333976,0.892537573939393,1.08687106306034,1.00047555997182,1.00157028716985,6310.63444618967
95,500,"sd_b1",0.602165344407178,0.0205090081994301,0.563528929328883,0.643911454228577,1.00006057068884,1.00026996915556,18937.4467354321
95,500,"rho",0.355116212210204,0.0569245617662889,0.241942231056801,0.464683412665961,1.00001630407585,1.00010589245166,7175.04650596215
95,500,"sigma_y",1.00551100789464,0.0129112019485248,0.980664572991405,1.03111219388443,1.00008719896187,1.00022038041823,17446.5501325887
96,500,"beta0_y",1.96961646131795,0.0534032907252485,1.86576454950421,2.0738341706678,1.00155903872061,1.00545293353774,1480.08770360341
96,500,"beta1_y",0.489821835303388,0.0264926346737318,0.436987571859594,0.541456512623676,1.00691501487866,1.02254011291887,266.839259560781
96,500,"beta2_y",0.992552751961616,0.0513427022974948,0.891653254874514,1.09364356494576,1.0005351205468,1.00209319567336,1481.87964506917
96,500,"sd_b0",0.899495918522686,0.0509410814893827,0.801472338413251,1.00118949804367,1.00027540921924,1.0009293541867,4783.50136296248
96,500,"sd_b1",0.591166458143059,0.0202911582625328,0.553109345226059,0.631973588052404,0.99997268624428,1.00000036797091,18682.4675830092
96,500,"rho",0.278491951150543,0.0632277286521636,0.153917081913417,0.400040678456252,1.00011579502233,1.00051033217681,5839.85151474659
96,500,"sigma_y",1.02583152107911,0.013149104163012,1.00036079764903,1.05195546312945,1.00018278045552,1.00076453941412,16330.5090585341
97,500,"beta0_y",1.91499539642088,0.0576307011056981,1.80148828959825,2.02798659909051,1.00034469270593,1.00086346765341,1192.95026335576
97,500,"beta1_y",0.477128867368091,0.0284481517735783,0.416604605755536,0.531778829375348,1.00793482419829,1.01688950018248,226.573791217025
97,500,"beta2_y",1.00752941665389,0.0545062375554864,0.901713925393925,1.11446898302597,1.00050195086069,1.00171201133237,1237.5285921524
97,500,"sd_b0",1.00240260604958,0.0515808657738485,0.904689096909202,1.10556576237387,1.0006157377794,1.00217399139107,6236.26613873631
97,500,"sd_b1",0.586606498003732,0.020286062711935,0.548349167610019,0.62815358802084,1.00000653531676,1.00003378790822,18885.938104467
97,500,"rho",0.285796581255733,0.0601461334836158,0.16655034046797,0.401564976031887,1.00024566965523,1.00083806732562,6820.72910512348
97,500,"sigma_y",1.01950904568093,0.0131839972686808,0.994201737307461,1.04575059803194,1.00001936824103,1.00019689376077,16749.8490114748
98,500,"beta0_y",2.02755869311478,0.0577832752292521,1.91536960585429,2.14027518747136,1.00263053025859,1.00769756212057,1228.7566901507
98,500,"beta1_y",0.523434417643932,0.0285795024539488,0.467736847883711,0.578515317316457,1.01856823537167,1.05972173279095,228.598916668388
98,500,"beta2_y",0.974743555504898,0.0617957733608684,0.853271510237675,1.09793144514886,1.00201302940406,1.00677498346055,1191.68222666392
98,500,"sd_b0",1.0330065163487,0.0530334754258082,0.929927409569348,1.1383449236195,1.00009494806161,1.00045397532794,5882.2998181277
98,500,"sd_b1",0.633252941454819,0.0216199448277767,0.592702343261418,0.677652326705499,1.00040860687664,1.00151461138475,21112.8180893412
98,500,"rho",0.280512419659367,0.0591077182693448,0.163497974127171,0.394040365678547,1.00015060508248,1.00056542695288,7434.01467769753
98,500,"sigma_y",1.02221599967996,0.0131943551756576,0.996650320281264,1.04830624544377,1.00036392309617,1.00139816614824,16873.5211277015
99,500,"beta0_y",2.08301097967258,0.0591184255787026,1.96575297992416,2.19897920694719,1.00225601103192,1.00572493002002,1091.89445879331
99,500,"beta1_y",0.525389093723251,0.0260093876039084,0.47536654588544,0.576645918989958,1.02174865930523,1.06758641760378,281.991126003495
99,500,"beta2_y",1.02522802039205,0.0555772245080519,0.915585238444149,1.13238023914122,1.00096054235461,1.00284704550097,1173.1059776101
99,500,"sd_b0",1.03910586810332,0.0498384305438048,0.944510952468754,1.13965997252813,1.0001505138144,1.00039040276125,7143.11255996956
99,500,"sd_b1",0.577655014421012,0.0196752885486478,0.540631407395595,0.617601504325309,1.00002937175954,1.00014499422332,20316.0591571115
99,500,"rho",0.360553278052094,0.0551424601268108,0.250309369803391,0.466579958201147,1.00007553918624,1.00035809667972,7583.15744074031
99,500,"sigma_y",0.991215597885239,0.0127873014862486,0.966393481402317,1.01662633597603,1.00009449094064,1.00047149937142,16429.8586087992
100,500,"beta0_y",1.99053710006814,0.055721872525209,1.88159973639401,2.09910546490934,1.00030592084712,1.00121047224056,1279.0466207458
100,500,"beta1_y",0.509799854437582,0.0282139278422433,0.452833095643561,0.563165254105247,1.00230263215706,1.00851619822902,226.842991907537
100,500,"beta2_y",0.96406115263197,0.0544349981724567,0.857485723212577,1.07174799071493,1.00104503022609,1.00397702630682,1239.5726804656
100,500,"sd_b0",1.02029453213359,0.0506082323998182,0.922856245783986,1.12176474598239,1.00118731987774,1.00398481099596,6716.24563847755
100,500,"sd_b1",0.608261624408596,0.0207840292826433,0.568757007444641,0.65036687959658,0.999990554350745,1.00004705215439,18735.45379105
100,500,"rho",0.329689283806055,0.0572175668470365,0.215012869772787,0.44034448548641,1.00033210765855,1.00123591104995,7132.73776094298
100,500,"sigma_y",0.999660300974112,0.0129514587311884,0.974531829758794,1.02536204667471,1.00031761464627,1.00127472382235,16558.7206648612
